:START_ID(host_id),:END_ID(strain_admin1),:TYPE
Anhui/SZ005/2020,Anhui,LOCATED_IN
Australia/NSW01/2020,New South Wales,LOCATED_IN
Australia/NSW02/2020,New South Wales,LOCATED_IN
Australia/NSW03/2020,New South Wales,LOCATED_IN
Australia/NSW05/2020,New South Wales,LOCATED_IN
Australia/NSW06/2020,New South Wales,LOCATED_IN
Australia/NSW07/2020,New South Wales,LOCATED_IN
Australia/NSW08/2020,New South Wales,LOCATED_IN
Australia/NSW09/2020,New South Wales,LOCATED_IN
Australia/NSW10/2020,New South Wales,LOCATED_IN
Australia/NSW11/2020,New South Wales,LOCATED_IN
Australia/NSW12/2020,New South Wales,LOCATED_IN
Australia/NSW13/2020,New South Wales,LOCATED_IN
Australia/NSW14/2020,New South Wales,LOCATED_IN
Australia/QLD01/2020,Queensland,LOCATED_IN
Australia/QLD02/2020,Queensland,LOCATED_IN
Australia/QLD03/2020,Queensland,LOCATED_IN
Australia/QLD04/2020,Queensland,LOCATED_IN
Australia/QLD09/2020,Queensland,LOCATED_IN
Australia/VIC01/2020,Victoria,LOCATED_IN
Australia/VIC02/2020,Victoria,LOCATED_IN
Australia/VIC03/2020,Victoria,LOCATED_IN
Australia/VIC04/2020,Victoria,LOCATED_IN
Australia/VIC05/2020,Victoria,LOCATED_IN
Australia/VIC06/2020,Victoria,LOCATED_IN
Australia/VIC07/2020,Victoria,LOCATED_IN
Beijing/105/2020,Beijing,LOCATED_IN
Beijing/231/2020,Beijing,LOCATED_IN
Beijing/233/2020,Beijing,LOCATED_IN
Beijing/235/2020,Beijing,LOCATED_IN
Beijing/IVDC-BJ-005/2020,Beijing,LOCATED_IN
Belgium/BA-02291/2020,Leuven,LOCATED_IN
Belgium/BC-03016/2020,Sint-Niklaas,LOCATED_IN
Belgium/BM-03012/2020,Kraainem,LOCATED_IN
Belgium/GHB-03021/2020,Flanders,LOCATED_IN
Belgium/QKJ-03015/2020,Brussels,LOCATED_IN
Belgium/SH-03014/2020,Huldenberg,LOCATED_IN
Belgium/VAG-03013/2020,Huldenberg,LOCATED_IN
Belgium/VLM-03011/2020,Huldenberg,LOCATED_IN
Brazil-RJ/314/2020,Rio de Janeiro,LOCATED_IN
Brazil/BA-312/2020,Bahia,LOCATED_IN
Brazil/ES-225/2020,Espirito Santo,LOCATED_IN
Brazil/SPBR-01/2020,Sao Paulo,LOCATED_IN
Brazil/SPBR-02/2020,Sao Paulo,LOCATED_IN
Brazil/SPBR-03/2020,Sao Paulo,LOCATED_IN
Brazil/SPBR-04/2020,Sao Paulo,LOCATED_IN
Brazil/SPBR-05/2020,Sao Paulo,LOCATED_IN
Brazil/SPBR-06/2020,Sao Paulo,LOCATED_IN
Brazil/SPBR-07/2020,Sao Paulo,LOCATED_IN
Brazil/SPBR-08/2020,Sao Paulo,LOCATED_IN
Brazil/SPBR-09/2020,Sao Paulo,LOCATED_IN
Brazil/SPBR-10/2020,Distrito Federal,LOCATED_IN
Brazil/SPBR-11/2020,Sao Paulo,LOCATED_IN
Brazil/SPBR-12/2020,Sao Paulo,LOCATED_IN
Brazil/SPBR-13/2020,Sao Paulo,LOCATED_IN
Brazil/SPBR-14/2020,Sao Paulo,LOCATED_IN
Cambodia/0012/2020,Sihanoukville,LOCATED_IN
Canada/BC_02421/2020,British Columbia,LOCATED_IN
Canada/BC_13297/2020,British Columbia,LOCATED_IN
Canada/BC_17397/2020,British Columbia,LOCATED_IN
Canada/BC_25211/2020,British Columbia,LOCATED_IN
Canada/BC_35720/2020,British Columbia,LOCATED_IN
Canada/BC_37_0-2/2020,British Columbia,LOCATED_IN
Canada/BC_40860/2020,British Columbia,LOCATED_IN
Canada/BC_41851/2020,British Columbia,LOCATED_IN
Canada/BC_64686/2020,British Columbia,LOCATED_IN
Canada/BC_65034/2020,British Columbia,LOCATED_IN
Canada/BC_66353/2020,British Columbia,LOCATED_IN
Canada/BC_69243/2020,British Columbia,LOCATED_IN
Canada/BC_78548/2020,British Columbia,LOCATED_IN
Canada/BC_83109/2020,British Columbia,LOCATED_IN
Canada/BC_83163/2020,British Columbia,LOCATED_IN
Canada/ON-PHL2445/2020,Ontario,LOCATED_IN
Canada/ON-VIDO-01/2020,Ontario,LOCATED_IN
Chile/Santiago-1/2020,Santiago,LOCATED_IN
Chile/Santiago-2/2020,Santiago,LOCATED_IN
Chile/Santiago_op2d1/2020,Santiago,LOCATED_IN
Chile/Santiago_op3d1/2020,Santiago,LOCATED_IN
Chile/Santiago_op4d1/2020,Santiago,LOCATED_IN
Chile/Talca-1/2020,Talca,LOCATED_IN
Chile/Talca-2/2020,Talca,LOCATED_IN
China/IQTC01/2020,Guangdong,LOCATED_IN
China/IQTC02/2020,Guangdong,LOCATED_IN
China/Shanghai/SH0002,Shanghai,LOCATED_IN
China/Shanghai/SH0003,Shanghai,LOCATED_IN
China/Shanghai/SH0004,Shanghai,LOCATED_IN
China/Shanghai/SH0005,Shanghai,LOCATED_IN
China/Shanghai/SH0007,Shanghai,LOCATED_IN
China/Shanghai/SH0008,Shanghai,LOCATED_IN
China/Shanghai/SH0009,Shanghai,LOCATED_IN
China/Shanghai/SH0010,Shanghai,LOCATED_IN
China/Shanghai/SH0011,Shanghai,LOCATED_IN
China/Shanghai/SH0012,Shanghai,LOCATED_IN
China/Shanghai/SH0013,Shanghai,LOCATED_IN
China/Shanghai/SH0014,Shanghai,LOCATED_IN
China/Shanghai/SH0017,Shanghai,LOCATED_IN
China/Shanghai/SH0020,Shanghai,LOCATED_IN
China/Shanghai/SH0021,Shanghai,LOCATED_IN
China/Shanghai/SH0022,Shanghai,LOCATED_IN
China/Shanghai/SH0023,Shanghai,LOCATED_IN
China/Shanghai/SH0024,Shanghai,LOCATED_IN
China/Shanghai/SH0025,Shanghai,LOCATED_IN
China/Shanghai/SH0026,Shanghai,LOCATED_IN
China/Shanghai/SH0027,Shanghai,LOCATED_IN
China/Shanghai/SH0028,Shanghai,LOCATED_IN
China/Shanghai/SH0029,Shanghai,LOCATED_IN
China/Shanghai/SH0030,Shanghai,LOCATED_IN
China/Shanghai/SH0031,Shanghai,LOCATED_IN
China/Shanghai/SH0032,Shanghai,LOCATED_IN
China/Shanghai/SH0033,Shanghai,LOCATED_IN
China/Shanghai/SH0034,Shanghai,LOCATED_IN
China/Shanghai/SH0035,Shanghai,LOCATED_IN
China/Shanghai/SH0036,Shanghai,LOCATED_IN
China/Shanghai/SH0037,Shanghai,LOCATED_IN
China/Shanghai/SH0038,Shanghai,LOCATED_IN
China/Shanghai/SH0039,Shanghai,LOCATED_IN
China/Shanghai/SH0040,Shanghai,LOCATED_IN
China/Shanghai/SH0041,Shanghai,LOCATED_IN
China/Shanghai/SH0042,Shanghai,LOCATED_IN
China/Shanghai/SH0043,Shanghai,LOCATED_IN
China/Shanghai/SH0044,Shanghai,LOCATED_IN
China/Shanghai/SH0045,Shanghai,LOCATED_IN
China/Shanghai/SH0047,Shanghai,LOCATED_IN
China/Shanghai/SH0048,Shanghai,LOCATED_IN
China/Shanghai/SH0049,Shanghai,LOCATED_IN
China/Shanghai/SH0050,Shanghai,LOCATED_IN
China/Shanghai/SH0051,Shanghai,LOCATED_IN
China/Shanghai/SH0052,Shanghai,LOCATED_IN
China/Shanghai/SH0053,Shanghai,LOCATED_IN
China/Shanghai/SH0054,Shanghai,LOCATED_IN
China/Shanghai/SH0055,Shanghai,LOCATED_IN
China/Shanghai/SH0056,Shanghai,LOCATED_IN
China/Shanghai/SH0058,Shanghai,LOCATED_IN
China/Shanghai/SH0059,Shanghai,LOCATED_IN
China/Shanghai/SH0060,Shanghai,LOCATED_IN
China/Shanghai/SH0065,Shanghai,LOCATED_IN
China/Shanghai/SH0066,Shanghai,LOCATED_IN
China/Shanghai/SH0067,Shanghai,LOCATED_IN
China/Shanghai/SH0068,Shanghai,LOCATED_IN
China/Shanghai/SH0069,Shanghai,LOCATED_IN
China/Shanghai/SH0070,Shanghai,LOCATED_IN
China/Shanghai/SH0071,Shanghai,LOCATED_IN
China/Shanghai/SH0072,Shanghai,LOCATED_IN
China/Shanghai/SH0073,Shanghai,LOCATED_IN
China/Shanghai/SH0074,Shanghai,LOCATED_IN
China/Shanghai/SH0075,Shanghai,LOCATED_IN
China/Shanghai/SH0076,Shanghai,LOCATED_IN
China/Shanghai/SH0077,Shanghai,LOCATED_IN
China/Shanghai/SH0079,Shanghai,LOCATED_IN
China/Shanghai/SH0080,Shanghai,LOCATED_IN
China/Shanghai/SH0081,Shanghai,LOCATED_IN
China/Shanghai/SH0083,Shanghai,LOCATED_IN
China/Shanghai/SH0085,Shanghai,LOCATED_IN
China/Shanghai/SH0086,Shanghai,LOCATED_IN
China/Shanghai/SH0088,Shanghai,LOCATED_IN
China/Shanghai/SH0091,Shanghai,LOCATED_IN
China/Shanghai/SH0093,Shanghai,LOCATED_IN
China/Shanghai/SH0094,Shanghai,LOCATED_IN
China/Shanghai/SH0098,Shanghai,LOCATED_IN
China/Shanghai/SH0100,Shanghai,LOCATED_IN
China/Shanghai/SH0101,Shanghai,LOCATED_IN
China/Shanghai/SH0102,Shanghai,LOCATED_IN
China/Shanghai/SH0104,Shanghai,LOCATED_IN
China/Shanghai/SH0106,Shanghai,LOCATED_IN
China/Shanghai/SH0107,Shanghai,LOCATED_IN
China/Shanghai/SH0109,Shanghai,LOCATED_IN
China/Shanghai/SH0110,Shanghai,LOCATED_IN
China/Shanghai/SH0112,Shanghai,LOCATED_IN
China/Shanghai/SH0114,Shanghai,LOCATED_IN
China/Shanghai/SH0115,Shanghai,LOCATED_IN
China/Shanghai/SH0117,Shanghai,LOCATED_IN
China/Shanghai/SH0119,Shanghai,LOCATED_IN
China/Shanghai/SH0121,Shanghai,LOCATED_IN
China/Shanghai/SH0125,Shanghai,LOCATED_IN
China/Shanghai/SH0126,Shanghai,LOCATED_IN
China/Shanghai/SH0127,Shanghai,LOCATED_IN
China/Shanghai/SH0128,Shanghai,LOCATED_IN
China/WF0001/2020,Shandong,LOCATED_IN
China/WF0002/2020,Shandong,LOCATED_IN
China/WF0003/2020,Shandong,LOCATED_IN
China/WF0004/2020,Shandong,LOCATED_IN
China/WF0006/2020,Shandong,LOCATED_IN
China/WF0009/2020,Shandong,LOCATED_IN
China/WF0012/2020,Shandong,LOCATED_IN
China/WF0014/2020,Shandong,LOCATED_IN
China/WF0015/2020,Shandong,LOCATED_IN
China/WF0016/2020,Shandong,LOCATED_IN
China/WF0017/2020,Shandong,LOCATED_IN
China/WF0018/2020,Shandong,LOCATED_IN
China/WF0019/2020,Shandong,LOCATED_IN
China/WF0020/2020,Shandong,LOCATED_IN
China/WF0021/2020,Shandong,LOCATED_IN
China/WF0023/2020,Shandong,LOCATED_IN
China/WF0024/2020,Shandong,LOCATED_IN
China/WF0026/2020,Shandong,LOCATED_IN
China/WF0028/2020,Shandong,LOCATED_IN
China/WF0029/2020,Shandong,LOCATED_IN
China/WH-09/2020,Hubei,LOCATED_IN
China/WHU01/2020,Hubei,LOCATED_IN
China/WHU02/2020,Hubei,LOCATED_IN
Chongqing/IVDC-CQ-001/2020,Chongqing,LOCATED_IN
Chongqing/YC01/2020,Chongqing,LOCATED_IN
Chongqing/ZX01/2020,Chongqing,LOCATED_IN
Congo/KN-13/2020,Kinshasa,LOCATED_IN
CzechRepublic/951/2020,Usti nad Labem,LOCATED_IN
Denmark/SSI-05/2020,Copenhagen,LOCATED_IN
Denmark/SSI-09/2020,Copenhagen,LOCATED_IN
Denmark/SSI-102/2020,Copenhagen,LOCATED_IN
England/01/2020,England,LOCATED_IN
England/02/2020,England,LOCATED_IN
England/09c/2020,England,LOCATED_IN
England/200641094/2020,England,LOCATED_IN
England/200690245/2020,England,LOCATED_IN
England/200690300/2020,England,LOCATED_IN
England/200690306/2020,England,LOCATED_IN
England/200690756/2020,England,LOCATED_IN
England/200940527/2020,England,LOCATED_IN
England/200960041/2020,England,LOCATED_IN
England/200960515/2020,England,LOCATED_IN
England/200981386/2020,England,LOCATED_IN
England/200990002/2020,England,LOCATED_IN
England/200990006/2020,England,LOCATED_IN
England/20099038206/2020,England,LOCATED_IN
England/200990660/2020,England,LOCATED_IN
England/200990723/2020,England,LOCATED_IN
England/200990724/2020,England,LOCATED_IN
England/200990725/2020,England,LOCATED_IN
England/20099079106/2020,England,LOCATED_IN
England/20099107406/2020,England,LOCATED_IN
England/200991076/2020,England,LOCATED_IN
England/201000003/2020,England,LOCATED_IN
England/20100001406/2020,England,LOCATED_IN
England/20100004706/2020,England,LOCATED_IN
England/20100004806/2020,England,LOCATED_IN
England/20100005406/2020,England,LOCATED_IN
England/20100022706/2020,England,LOCATED_IN
England/20100023206/2020,England,LOCATED_IN
England/20100024006/2020,England,LOCATED_IN
England/20100077906/2020,England,LOCATED_IN
England/20100121006/2020,England,LOCATED_IN
England/20100121007/2020,England,LOCATED_IN
England/20100122106/2020,England,LOCATED_IN
England/20100122107/2020,England,LOCATED_IN
England/20102000106/2020,England,LOCATED_IN
England/20102000206/2020,England,LOCATED_IN
England/20102000306/2020,England,LOCATED_IN
England/20102000506/2020,England,LOCATED_IN
England/20102000906/2020,England,LOCATED_IN
England/20102068506/2020,England,LOCATED_IN
England/201040081/2020,England,LOCATED_IN
England/201040141/2020,England,LOCATED_IN
England/20110003506/2020,England,LOCATED_IN
England/Sheff01/2020,England,LOCATED_IN
England/Sheff02/2020,England,LOCATED_IN
Finland/1/2020,Finland,LOCATED_IN
Finland/FIN-114/2020,Finland,LOCATED_IN
Finland/FIN-25/2020,Helsinki,LOCATED_IN
Finland/FIN-266/2020,Finland,LOCATED_IN
Finland/FIN-274/2020,Finland,LOCATED_IN
Finland/FIN-313/2020,Finland,LOCATED_IN
Finland/FIN-318/2020,Finland,LOCATED_IN
Finland/FIN-455/2020,Finland,LOCATED_IN
Finland/FIN-508/2020,Finland,LOCATED_IN
Finland/FIN01032020/2020,Helsinki,LOCATED_IN
Finland/FIN03032020A/2020,Helsinki,LOCATED_IN
Finland/FIN03032020B/2020,Helsinki,LOCATED_IN
Finland/FIN03032020C/2020,Helsinki,LOCATED_IN
Foshan/20SF207/2020,Guangdong,LOCATED_IN
Foshan/20SF210/2020,Guangdong,LOCATED_IN
Foshan/20SF211/2020,Guangdong,LOCATED_IN
France/BFC2094/2020,Bourgogne-France-Comté,LOCATED_IN
France/BFC2147/2020,Bourgogne-France-Comté,LOCATED_IN
France/GE1583/2020,Grand Est,LOCATED_IN
France/GE1973/2020,Grand Est,LOCATED_IN
France/GE1977/2020,Grand Est,LOCATED_IN
France/HF1684/2020,Hauts de France,LOCATED_IN
France/HF1795/2020,Hauts de France,LOCATED_IN
France/HF1805/2020,Hauts de France,LOCATED_IN
France/HF1870/2020,Hauts de France,LOCATED_IN
France/HF1871/2020,Hauts de France,LOCATED_IN
France/HF1986/2020,Hauts de France,LOCATED_IN
France/HF1988/2020,Hauts de France,LOCATED_IN
France/HF1989/2020,Hauts de France,LOCATED_IN
France/HF1993/2020,Hauts de France,LOCATED_IN
France/HF1995/2020,Hauts de France,LOCATED_IN
France/HF2039/2020,Hauts de France,LOCATED_IN
France/HF2151/2020,Hauts de France,LOCATED_IN
France/HF2174/2020,Hauts de France,LOCATED_IN
France/IDF0372-isl/2020,Ile de France,LOCATED_IN
France/IDF0372/2020,Ile de France,LOCATED_IN
France/IDF0373/2020,Ile de France,LOCATED_IN
France/IDF0386-islP1/2020,Ile de France,LOCATED_IN
France/IDF0386-islP3/2020,Ile de France,LOCATED_IN
France/IDF0515-isl/2020,Ile de France,LOCATED_IN
France/IDF0515/2020,Ile de France,LOCATED_IN
France/IDF0571/2020,Ile de France,LOCATED_IN
France/IDF0626/2020,Ile de France,LOCATED_IN
France/IDF1980/2020,Ile de France,LOCATED_IN
France/IDF2075/2020,Ile de France,LOCATED_IN
France/N1620/2020,Normandie,LOCATED_IN
France/PL1643/2020,Pays de la Loire,LOCATED_IN
France/RA739/2020,Auvergne Rhone Alpes,LOCATED_IN
Fujian/13/2020,Fujian,LOCATED_IN
Fujian/8/2020,Fujian,LOCATED_IN
Georgia/Tb-468/2020,Tbilisi,LOCATED_IN
Georgia/Tb-477/2020,Tbilisi,LOCATED_IN
Georgia/Tb-54/2020,Tbilisi,LOCATED_IN
Georgia/Tb-82/2020,Tbilisi,LOCATED_IN
Germany/Baden-Wuerttemberg-1/2020,Baden-Wuerttemberg,LOCATED_IN
Germany/BavPat1/2020,Bavaria,LOCATED_IN
Germany/BavPat2/2020,Bavaria,LOCATED_IN
Germany/BavPat3/2020,Bavaria,LOCATED_IN
Germany/NRW-01/2020,North Rhine Westphalia,LOCATED_IN
Germany/NRW-011/2020,North Rhine Westphalia,LOCATED_IN
Germany/NRW-02-1/2020,North Rhine Westphalia,LOCATED_IN
Germany/NRW-03/2020,North Rhine Westphalia,LOCATED_IN
Germany/NRW-04/2020,North Rhine Westphalia,LOCATED_IN
Germany/NRW-05/2020,North Rhine Westphalia,LOCATED_IN
Germany/NRW-06/2020,North Rhine Westphalia,LOCATED_IN
Germany/NRW-07/2020,North Rhine Westphalia,LOCATED_IN
Germany/NRW-08/2020,North Rhine Westphalia,LOCATED_IN
Germany/NRW-09/2020,North Rhine Westphalia,LOCATED_IN
Germany/NRW-10/2020,North Rhine Westphalia,LOCATED_IN
Guangdong/2020XN4239-P0034/2020,Guangdong,LOCATED_IN
Guangdong/2020XN4243-P0035/2020,Guangdong,LOCATED_IN
Guangdong/2020XN4273-P0036/2020,Guangdong,LOCATED_IN
Guangdong/2020XN4276-P0037/2020,Guangdong,LOCATED_IN
Guangdong/2020XN4291-P0038/2020,Guangdong,LOCATED_IN
Guangdong/2020XN4373-P0039/2020,Guangdong,LOCATED_IN
Guangdong/2020XN4433-P0040/2020,Guangdong,LOCATED_IN
Guangdong/2020XN4448-P0002/2020,Guangdong,LOCATED_IN
Guangdong/2020XN4459-P0041/2020,Guangdong,LOCATED_IN
Guangdong/2020XN4475-P0042/2020,Guangdong,LOCATED_IN
Guangdong/20SF012/2020,Guangdong,LOCATED_IN
Guangdong/20SF013/2020,Guangdong,LOCATED_IN
Guangdong/20SF014/2020,Guangdong,LOCATED_IN
Guangdong/20SF025/2020,Guangdong,LOCATED_IN
Guangdong/20SF028/2020,Guangdong,LOCATED_IN
Guangdong/20SF040/2020,Guangdong,LOCATED_IN
Guangdong/20SF174/2020,Guangdong,LOCATED_IN
Guangdong/20SF201/2020,Guangdong,LOCATED_IN
Guangdong/DG-S2-P0054/2020,Guangdong,LOCATED_IN
Guangdong/DG-S41-P0056/2020,Guangdong,LOCATED_IN
Guangdong/DG-S6-P0055/2020,Guangdong,LOCATED_IN
Guangdong/DG-S9-P0045/2020,Guangdong,LOCATED_IN
Guangdong/FS-S29-P0051/2020,Guangdong,LOCATED_IN
Guangdong/FS-S30-P0052/2020,Guangdong,LOCATED_IN
Guangdong/FS-S34-P0015/2020,Guangdong,LOCATED_IN
Guangdong/FS-S42-P0046/2020,Guangdong,LOCATED_IN
Guangdong/FS-S48-P0047/2020,Guangdong,LOCATED_IN
Guangdong/FS-S50-P0053/2020,Guangdong,LOCATED_IN
Guangdong/GD2020012-P0022/2020,Guangdong,LOCATED_IN
Guangdong/GD2020016-P0011/2020,Guangdong,LOCATED_IN
Guangdong/GD2020080-P0010/2020,Guangdong,LOCATED_IN
Guangdong/GD2020085-P0043/2020,Guangdong,LOCATED_IN
Guangdong/GD2020086-P0021/2020,Guangdong,LOCATED_IN
Guangdong/GD2020087-P0008/2020,Guangdong,LOCATED_IN
Guangdong/GD2020115-P0009/2020,Guangdong,LOCATED_IN
Guangdong/GD2020134-P0031/2020,Guangdong,LOCATED_IN
Guangdong/GD2020139-P0007/2020,Guangdong,LOCATED_IN
Guangdong/GD2020227-P0029/2020,Guangdong,LOCATED_IN
Guangdong/GD2020233-P0027/2020,Guangdong,LOCATED_IN
Guangdong/GD2020234-P0023/2020,Guangdong,LOCATED_IN
Guangdong/GD2020241-P0013/2020,Guangdong,LOCATED_IN
Guangdong/GD2020246-P0028/2020,Guangdong,LOCATED_IN
Guangdong/GD2020258-P0018/2020,Guangdong,LOCATED_IN
Guangdong/GDFS2020052-P0025/2020,Guangdong,LOCATED_IN
Guangdong/GDFS2020054-P0005/2020,Guangdong,LOCATED_IN
Guangdong/GDFS2020056-P0044/2020,Guangdong,LOCATED_IN
Guangdong/GDFS2020127-P0026/2020,Guangdong,LOCATED_IN
Guangdong/GDSZ202004-P0004/2020,Guangdong,LOCATED_IN
Guangdong/GDSZ202008-P0020/2020,Guangdong,LOCATED_IN
Guangdong/GDSZ202009-P0032/2020,Guangdong,LOCATED_IN
Guangdong/GDSZ202013-P0014/2020,Guangdong,LOCATED_IN
Guangdong/GDSZ202015-P0019/2020,Guangdong,LOCATED_IN
Guangdong/GZ-S6-P0050/2020,Guangdong,LOCATED_IN
Guangdong/JM-S1-P0062/2020,Guangdong,LOCATED_IN
Guangdong/MM-S1-P0048/2020,Guangdong,LOCATED_IN
Guangdong/SZ-N128-P0057/2020,Guangdong,LOCATED_IN
Guangdong/SZ-N59-P0049/2020,Guangdong,LOCATED_IN
Guangdong/ZH-N22-P0059/2020,Guangdong,LOCATED_IN
Guangdong/ZH-S33-P0058/2020,Guangdong,LOCATED_IN
Guangdong/ZQ-S2-P0061/2020,Guangdong,LOCATED_IN
Guangdong/ZS-S6-P0060/2020,Guangdong,LOCATED_IN
Guangzhou/20SF206/2020,Guangdong,LOCATED_IN
Guangzhou/GZMU0014/2020,Guangdong,LOCATED_IN
Guangzhou/GZMU0016/2020,Guangdong,LOCATED_IN
Guangzhou/GZMU0030/2020,Guangdong,LOCATED_IN
Guangzhou/GZMU0031/2020,Guangdong,LOCATED_IN
Guangzhou/GZMU0042/2020,Guangdong,LOCATED_IN
Guangzhou/GZMU0044/2020,Guangdong,LOCATED_IN
Guangzhou/GZMU0047/2020,Guangdong,LOCATED_IN
Guangzhou/GZMU0048/2020,Guangdong,LOCATED_IN
Hangzhou/HZ-1/2020,Zhejiang,LOCATED_IN
Hangzhou/HZCDC0001/2020,Zhejiang,LOCATED_IN
Hangzhou/ZJU-01/2020,Zhejiang,LOCATED_IN
Hangzhou/ZJU-02/2020,Zhejiang,LOCATED_IN
Hangzhou/ZJU-03/2020,Zhejiang,LOCATED_IN
Hangzhou/ZJU-04/2020,Zhejiang,LOCATED_IN
Hangzhou/ZJU-05/2020,Zhejiang,LOCATED_IN
Hangzhou/ZJU-06/2020,Zhejiang,LOCATED_IN
Hangzhou/ZJU-07/2020,Zhejiang,LOCATED_IN
Hefei/2/2020,Anhui,LOCATED_IN
Henan/IVDC-HeN-002/2020,Henan,LOCATED_IN
HongKong/CUHK1/2020,Hong Kong,LOCATED_IN
HongKong/CUHK2/2020,Hong Kong,LOCATED_IN
HongKong/VB20024950/2020,Hong Kong,LOCATED_IN
HongKong/VB20026565/2020,Hong Kong,LOCATED_IN
HongKong/VM20001061/2020,Hong Kong,LOCATED_IN
HongKong/case42_VM20002493/2020,Hong Kong,LOCATED_IN
HongKong/case48_VM20002507/2020,Hong Kong,LOCATED_IN
HongKong/case49_VM20002508/2020,Hong Kong,LOCATED_IN
HongKong/case52_VM20002582/2020,Hong Kong,LOCATED_IN
HongKong/case78_VM20002849/2020,Hong Kong,LOCATED_IN
HongKong/case85_VM20002868/2020,Hong Kong,LOCATED_IN
HongKong/case90_VM20002907/2020,Hong Kong,LOCATED_IN
Hungary/mbl1/2020,Central Hungary,LOCATED_IN
India/1-27/2020,Kerala,LOCATED_IN
India/1-31/2020,Kerala,LOCATED_IN
Ireland/COR-20134/2020,Cork,LOCATED_IN
Ireland/Dublin-19072/2020,Dublin,LOCATED_IN
Ireland/Limerick-19933/2020,Limerick,LOCATED_IN
Ireland/Limerick-19934/2020,Limerick,LOCATED_IN
Ireland/Limerick-19935/2020,Limerick,LOCATED_IN
Italy/CDG1/2020,Lombardy,LOCATED_IN
Italy/INMI1-cs/2020,Lazio,LOCATED_IN
Italy/INMI1-isl/2020,Lazio,LOCATED_IN
Italy/SPL1/2020,Lazio,LOCATED_IN
Italy/UniSR1/2020,Lombardy,LOCATED_IN
Japan/AI/I-004/2020,Aichi,LOCATED_IN
Japan/Hu_DP_Kng_19-020/2020,Kanagawa,LOCATED_IN
Japan/Hu_DP_Kng_19-027/2020,Kanagawa,LOCATED_IN
Japan/KY-V-029/2020,Kyoto,LOCATED_IN
Japan/NA-20-05-1/2020,Nara,LOCATED_IN
Japan/OS-20-07-1/2020,Osaka,LOCATED_IN
Japan/TK/20-31-3/2020,Tokyo,LOCATED_IN
Japan/TY-WK-012/2020,Tokyo,LOCATED_IN
Japan/TY-WK-501/2020,Tokyo,LOCATED_IN
Japan/TY-WK-521/2020,Tokyo,LOCATED_IN
Jiangsu/IVDC-JS-001/2020,Jiangsu,LOCATED_IN
Jiangsu/JS01/2020,Jiangsu,LOCATED_IN
Jiangsu/JS02/2020,Jiangsu,LOCATED_IN
Jiangsu/JS03/2020,Jiangsu,LOCATED_IN
Jiangxi/IVDC-JX-002/2020,Jiangxi,LOCATED_IN
Jingzhou/HBCDC-HB-01/2020,Hubei,LOCATED_IN
Luxembourg/Lux1/2020,Luxembourg,LOCATED_IN
Mexico/CDMX-InDRE_01/2020,Mexico City,LOCATED_IN
Nepal/61/2020,Kathmandu,LOCATED_IN
Netherlands/Andel_1365066/2020,North Brabant,LOCATED_IN
Netherlands/Berlicum_1363564/2020,North Brabant,LOCATED_IN
Netherlands/Blaricum_1364780/2020,North Brabant,LOCATED_IN
Netherlands/Coevorden_1363618/2020,Drenthe,LOCATED_IN
Netherlands/Dalen_1363624/2020,Drenthe,LOCATED_IN
Netherlands/Delft_1363424/2020,South Holland,LOCATED_IN
Netherlands/Diemen_1363454/2020,North Holland,LOCATED_IN
Netherlands/Eindhoven_1363782/2020,North Brabant,LOCATED_IN
Netherlands/Flevoland_1/2020,Flevoland,LOCATED_IN
Netherlands/Gelderland_1/2020,Gelderland,LOCATED_IN
Netherlands/Gelderland_2/2020,Gelderland,LOCATED_IN
Netherlands/Gelderland_3/2020,Gelderland,LOCATED_IN
Netherlands/Haarlem_1363688/2020,North Holland,LOCATED_IN
Netherlands/Hardinxveld_Giessendam_1364806/2020,South Holland,LOCATED_IN
Netherlands/Helmond_1363548/2020,North Brabant,LOCATED_IN
Netherlands/Limburg_2/2020,Limburg,LOCATED_IN
Netherlands/Limburg_3/2020,Limburg,LOCATED_IN
Netherlands/Limburg_4/2020,Limburg,LOCATED_IN
Netherlands/Limburg_5/2020,Limburg,LOCATED_IN
Netherlands/Limburg_6/2020,Limburg,LOCATED_IN
Netherlands/Limburg_7/2020,Limburg,LOCATED_IN
Netherlands/Loon_op_zand_1363512/2020,North Brabant,LOCATED_IN
Netherlands/NA_1/2020,Netherlands,LOCATED_IN
Netherlands/NA_10/2020,Netherlands,LOCATED_IN
Netherlands/NA_11/2020,Netherlands,LOCATED_IN
Netherlands/NA_12/2020,Netherlands,LOCATED_IN
Netherlands/NA_13/2020,Netherlands,LOCATED_IN
Netherlands/NA_14/2020,Netherlands,LOCATED_IN
Netherlands/NA_15/2020,Netherlands,LOCATED_IN
Netherlands/NA_16/2020,Netherlands,LOCATED_IN
Netherlands/NA_17/2020,Netherlands,LOCATED_IN
Netherlands/NA_18/2020,Netherlands,LOCATED_IN
Netherlands/NA_19/2020,Netherlands,LOCATED_IN
Netherlands/NA_2/2020,Netherlands,LOCATED_IN
Netherlands/NA_20/2020,Netherlands,LOCATED_IN
Netherlands/NA_21/2020,Netherlands,LOCATED_IN
Netherlands/NA_22/2020,Netherlands,LOCATED_IN
Netherlands/NA_23/2020,Netherlands,LOCATED_IN
Netherlands/NA_24/2020,Netherlands,LOCATED_IN
Netherlands/NA_25/2020,Netherlands,LOCATED_IN
Netherlands/NA_26/2020,Netherlands,LOCATED_IN
Netherlands/NA_27/2020,Netherlands,LOCATED_IN
Netherlands/NA_28/2020,Netherlands,LOCATED_IN
Netherlands/NA_29/2020,Netherlands,LOCATED_IN
Netherlands/NA_30/2020,Netherlands,LOCATED_IN
Netherlands/NA_31/2020,Netherlands,LOCATED_IN
Netherlands/NA_32/2020,Netherlands,LOCATED_IN
Netherlands/NA_33/2020,Netherlands,LOCATED_IN
Netherlands/NA_34/2020,Netherlands,LOCATED_IN
Netherlands/NA_35/2020,Netherlands,LOCATED_IN
Netherlands/NA_4/2020,Netherlands,LOCATED_IN
Netherlands/NA_5/2020,Netherlands,LOCATED_IN
Netherlands/NA_6/2020,Netherlands,LOCATED_IN
Netherlands/NA_7/2020,Netherlands,LOCATED_IN
Netherlands/NA_8/2020,Netherlands,LOCATED_IN
Netherlands/NA_9/2020,Netherlands,LOCATED_IN
Netherlands/Naarden_1364774/2020,North Holland,LOCATED_IN
Netherlands/Nieuwendijk_1363582/2020,North Brabant,LOCATED_IN
Netherlands/NoordBrabant_1/2020,North Brabant,LOCATED_IN
Netherlands/NoordBrabant_10/2020,North Brabant,LOCATED_IN
Netherlands/NoordBrabant_11/2020,North Brabant,LOCATED_IN
Netherlands/NoordBrabant_12/2020,North Brabant,LOCATED_IN
Netherlands/NoordBrabant_13/2020,North Brabant,LOCATED_IN
Netherlands/NoordBrabant_14/2020,North Brabant,LOCATED_IN
Netherlands/NoordBrabant_15/2020,North Brabant,LOCATED_IN
Netherlands/NoordBrabant_16/2020,North Brabant,LOCATED_IN
Netherlands/NoordBrabant_17/2020,North Brabant,LOCATED_IN
Netherlands/NoordBrabant_18/2020,North Brabant,LOCATED_IN
Netherlands/NoordBrabant_19/2020,North Brabant,LOCATED_IN
Netherlands/NoordBrabant_2/2020,North Brabant,LOCATED_IN
Netherlands/NoordBrabant_20/2020,North Brabant,LOCATED_IN
Netherlands/NoordBrabant_21/2020,North Brabant,LOCATED_IN
Netherlands/NoordBrabant_22/2020,North Brabant,LOCATED_IN
Netherlands/NoordBrabant_23/2020,North Brabant,LOCATED_IN
Netherlands/NoordBrabant_24/2020,North Brabant,LOCATED_IN
Netherlands/NoordBrabant_25/2020,North Brabant,LOCATED_IN
Netherlands/NoordBrabant_26/2020,North Brabant,LOCATED_IN
Netherlands/NoordBrabant_27/2020,North Brabant,LOCATED_IN
Netherlands/NoordBrabant_28/2020,North Brabant,LOCATED_IN
Netherlands/NoordBrabant_29/2020,North Brabant,LOCATED_IN
Netherlands/NoordBrabant_3/2020,North Brabant,LOCATED_IN
Netherlands/NoordBrabant_30/2020,North Brabant,LOCATED_IN
Netherlands/NoordBrabant_31/2020,North Brabant,LOCATED_IN
Netherlands/NoordBrabant_32/2020,North Brabant,LOCATED_IN
Netherlands/NoordBrabant_33/2020,North Brabant,LOCATED_IN
Netherlands/NoordBrabant_34/2020,North Brabant,LOCATED_IN
Netherlands/NoordBrabant_35/2020,North Brabant,LOCATED_IN
Netherlands/NoordBrabant_36/2020,North Brabant,LOCATED_IN
Netherlands/NoordBrabant_37/2020,North Brabant,LOCATED_IN
Netherlands/NoordBrabant_38/2020,North Brabant,LOCATED_IN
Netherlands/NoordBrabant_39/2020,North Brabant,LOCATED_IN
Netherlands/NoordBrabant_4/2020,North Brabant,LOCATED_IN
Netherlands/NoordBrabant_41/2020,North Brabant,LOCATED_IN
Netherlands/NoordBrabant_42/2020,North Brabant,LOCATED_IN
Netherlands/NoordBrabant_44/2020,North Brabant,LOCATED_IN
Netherlands/NoordBrabant_45/2020,North Brabant,LOCATED_IN
Netherlands/NoordBrabant_46/2020,North Brabant,LOCATED_IN
Netherlands/NoordBrabant_47/2020,North Brabant,LOCATED_IN
Netherlands/NoordBrabant_48/2020,North Brabant,LOCATED_IN
Netherlands/NoordBrabant_49/2020,North Brabant,LOCATED_IN
Netherlands/NoordBrabant_5/2020,North Brabant,LOCATED_IN
Netherlands/NoordBrabant_51/2020,North Brabant,LOCATED_IN
Netherlands/NoordBrabant_52/2020,North Brabant,LOCATED_IN
Netherlands/NoordBrabant_53/2020,North Brabant,LOCATED_IN
Netherlands/NoordBrabant_54/2020,North Brabant,LOCATED_IN
Netherlands/NoordBrabant_55/2020,North Brabant,LOCATED_IN
Netherlands/NoordBrabant_56/2020,North Brabant,LOCATED_IN
Netherlands/NoordBrabant_57/2020,North Brabant,LOCATED_IN
Netherlands/NoordBrabant_58/2020,North Brabant,LOCATED_IN
Netherlands/NoordBrabant_59/2020,North Brabant,LOCATED_IN
Netherlands/NoordBrabant_6/2020,North Brabant,LOCATED_IN
Netherlands/NoordBrabant_60/2020,North Brabant,LOCATED_IN
Netherlands/NoordBrabant_61/2020,North Brabant,LOCATED_IN
Netherlands/NoordBrabant_62/2020,North Brabant,LOCATED_IN
Netherlands/NoordBrabant_63/2020,North Brabant,LOCATED_IN
Netherlands/NoordBrabant_64/2020,North Brabant,LOCATED_IN
Netherlands/NoordBrabant_65/2020,North Brabant,LOCATED_IN
Netherlands/NoordBrabant_66/2020,North Brabant,LOCATED_IN
Netherlands/NoordBrabant_67/2020,North Brabant,LOCATED_IN
Netherlands/NoordBrabant_68/2020,North Brabant,LOCATED_IN
Netherlands/NoordHolland_1/2020,North Holland,LOCATED_IN
Netherlands/NoordHolland_2/2020,North Holland,LOCATED_IN
Netherlands/NoordHolland_3/2020,North Holland,LOCATED_IN
Netherlands/Nootdorp_1364222/2020,South Holland,LOCATED_IN
Netherlands/Oisterwijk_1364072/2020,North Brabant,LOCATED_IN
Netherlands/Oss_1363500/2020,North Brabant,LOCATED_IN
Netherlands/Overijssel_1/2020,Overijssel,LOCATED_IN
Netherlands/Overijssel_2/2020,Overijssel,LOCATED_IN
Netherlands/Rotterdam_1363790/2020,South Holland,LOCATED_IN
Netherlands/Rotterdam_1364040/2020,South Holland,LOCATED_IN
Netherlands/Rotterdam_1364740/2020,South Holland,LOCATED_IN
Netherlands/Tilburg_/2020,North Brabant,LOCATED_IN
Netherlands/Tilburg_1363354/2020,North Brabant,LOCATED_IN
Netherlands/Tilburg_1364286/2020,North Brabant,LOCATED_IN
Netherlands/Utrecht_1/2020,Utrecht,LOCATED_IN
Netherlands/Utrecht_10/2020,Utrecht,LOCATED_IN
Netherlands/Utrecht_11/2020,Utrecht,LOCATED_IN
Netherlands/Utrecht_12/2020,Utrecht,LOCATED_IN
Netherlands/Utrecht_13/2020,Utrecht,LOCATED_IN
Netherlands/Utrecht_1363564/2020,Utrecht,LOCATED_IN
Netherlands/Utrecht_1363628/2020,Utrecht,LOCATED_IN
Netherlands/Utrecht_1364066/2020,Utrecht,LOCATED_IN
Netherlands/Utrecht_14/2020,Utrecht,LOCATED_IN
Netherlands/Utrecht_15/2020,Utrecht,LOCATED_IN
Netherlands/Utrecht_16/2020,Utrecht,LOCATED_IN
Netherlands/Utrecht_17/2020,Utrecht,LOCATED_IN
Netherlands/Utrecht_18/2020,Utrecht,LOCATED_IN
Netherlands/Utrecht_19/2020,Utrecht,LOCATED_IN
Netherlands/Utrecht_2/2020,Utrecht,LOCATED_IN
Netherlands/Utrecht_3/2020,Utrecht,LOCATED_IN
Netherlands/Utrecht_4/2020,Utrecht,LOCATED_IN
Netherlands/Utrecht_5/2020,Utrecht,LOCATED_IN
Netherlands/Utrecht_6/2020,Utrecht,LOCATED_IN
Netherlands/Utrecht_7/2020,Utrecht,LOCATED_IN
Netherlands/Utrecht_8/2020,Utrecht,LOCATED_IN
Netherlands/Zeewolde_1365080/2020,Flevoland,LOCATED_IN
Netherlands/ZuidHolland_1/2020,South Holland,LOCATED_IN
Netherlands/ZuidHolland_10/2020,South Holland,LOCATED_IN
Netherlands/ZuidHolland_11/2020,South Holland,LOCATED_IN
Netherlands/ZuidHolland_13/2020,South Holland,LOCATED_IN
Netherlands/ZuidHolland_14/2020,South Holland,LOCATED_IN
Netherlands/ZuidHolland_15/2020,South Holland,LOCATED_IN
Netherlands/ZuidHolland_16/2020,South Holland,LOCATED_IN
Netherlands/ZuidHolland_17/2020,South Holland,LOCATED_IN
Netherlands/ZuidHolland_18/2020,South Holland,LOCATED_IN
Netherlands/ZuidHolland_19/2020,South Holland,LOCATED_IN
Netherlands/ZuidHolland_2/2020,South Holland,LOCATED_IN
Netherlands/ZuidHolland_20/2020,South Holland,LOCATED_IN
Netherlands/ZuidHolland_21/2020,South Holland,LOCATED_IN
Netherlands/ZuidHolland_22/2020,South Holland,LOCATED_IN
Netherlands/ZuidHolland_23/2020,South Holland,LOCATED_IN
Netherlands/ZuidHolland_24/2020,South Holland,LOCATED_IN
Netherlands/ZuidHolland_25/2020,South Holland,LOCATED_IN
Netherlands/ZuidHolland_26/2020,South Holland,LOCATED_IN
Netherlands/ZuidHolland_27/2020,South Holland,LOCATED_IN
Netherlands/ZuidHolland_28/2020,South Holland,LOCATED_IN
Netherlands/ZuidHolland_29/2020,South Holland,LOCATED_IN
Netherlands/ZuidHolland_30/2020,South Holland,LOCATED_IN
Netherlands/ZuidHolland_31/2020,South Holland,LOCATED_IN
Netherlands/ZuidHolland_5/2020,South Holland,LOCATED_IN
Netherlands/ZuidHolland_6/2020,South Holland,LOCATED_IN
Netherlands/ZuidHolland_7/2020,South Holland,LOCATED_IN
Netherlands/ZuidHolland_8/2020,South Holland,LOCATED_IN
Netherlands/ZuidHolland_9/2020,South Holland,LOCATED_IN
NetherlandsL/Houten_1363498/2020,Utrecht,LOCATED_IN
NewZealand/01/2020,Auckland,LOCATED_IN
Nigeria/Lagos01/2020,Lagos,LOCATED_IN
Nonthaburi/61/2020,Nonthaburi,LOCATED_IN
Nonthaburi/74/2020,Nonthaburi,LOCATED_IN
NorthernIreland/HSCNI01/2020,Northern Ireland,LOCATED_IN
Panama/328677/2020,Panama City,LOCATED_IN
Peru/010/2020,Lima,LOCATED_IN
Portugal/CV62/2020,Portugal,LOCATED_IN
Portugal/CV63/2020,Portugal,LOCATED_IN
Russia/StPetersburg-3524/2020,Saint Petersburg,LOCATED_IN
SaudiArabia/KAIMRC-Alghoribi/2020,Riyadh,LOCATED_IN
Scotland/CVR01/2020,Scotland,LOCATED_IN
Scotland/CVR02/2020,Scotland,LOCATED_IN
Scotland/CVR03/2020,Scotland,LOCATED_IN
Scotland/CVR04/2020,Scotland,LOCATED_IN
Scotland/CVR05/2020,Scotland,LOCATED_IN
Scotland/CVR06/2020,Scotland,LOCATED_IN
Scotland/CVR07/2020,Scotland,LOCATED_IN
Scotland/CVR10/2020,Scotland,LOCATED_IN
Scotland/EDB003/2020,Scotland,LOCATED_IN
Scotland/EDB004/2020,Scotland,LOCATED_IN
Scotland/EDB005/2020,Scotland,LOCATED_IN
Scotland/EDB006/2020,Scotland,LOCATED_IN
Scotland/EDB007/2020,Scotland,LOCATED_IN
Scotland/EDB008/2020,Scotland,LOCATED_IN
Scotland/EDB009/2020,Scotland,LOCATED_IN
Scotland/EDB011/2020,Scotland,LOCATED_IN
Scotland/EDB012/2020,Scotland,LOCATED_IN
Scotland/EDB013/2020,Scotland,LOCATED_IN
Shandong/IVDC-SD-001/2020,Shandong,LOCATED_IN
Shandong/LY001/2020,Shandong,LOCATED_IN
Shandong/LY002/2020,Shandong,LOCATED_IN
Shandong/LY003/2020,Shandong,LOCATED_IN
Shandong/LY004/2020,Shandong,LOCATED_IN
Shandong/LY005/2020,Shandong,LOCATED_IN
Shandong/LY006/2020,Shandong,LOCATED_IN
Shandong/LY007/2020,Shandong,LOCATED_IN
Shandong/LY008/2020,Shandong,LOCATED_IN
Shanghai/IVDC-SH-001/2020,Shanghai,LOCATED_IN
Shanghai/SH01/2020,Shanghai,LOCATED_IN
Shenzhen/HKU-SZ-002/2020,Guangdong,LOCATED_IN
Shenzhen/HKU-SZ-005/2020,Guangdong,LOCATED_IN
Shenzhen/SZTH-001/2020,Guangdong,LOCATED_IN
Shenzhen/SZTH-002/2020,Guangdong,LOCATED_IN
Shenzhen/SZTH-003/2020,Guangdong,LOCATED_IN
Shenzhen/SZTH-004/2020,Guangdong,LOCATED_IN
Sichuan/IVDC-SC-001/2020,Sichuan,LOCATED_IN
Singapore/1/2020,Singapore,LOCATED_IN
Singapore/10/2020,Singapore,LOCATED_IN
Singapore/11/2020,Singapore,LOCATED_IN
Singapore/12/2020,Singapore,LOCATED_IN
Singapore/13/2020,Singapore,LOCATED_IN
Singapore/14/2020,Singapore,LOCATED_IN
Singapore/2/2020,Singapore,LOCATED_IN
Singapore/3/2020,Singapore,LOCATED_IN
Singapore/4/2020,Singapore,LOCATED_IN
Singapore/5/2020,Singapore,LOCATED_IN
Singapore/6/2020,Singapore,LOCATED_IN
Singapore/7/2020,Singapore,LOCATED_IN
Singapore/8/2020,Singapore,LOCATED_IN
Singapore/9/2020,Singapore,LOCATED_IN
SouthKorea/KCDC03/2020,Gyeonggi,LOCATED_IN
SouthKorea/KCDC05/2020,Seoul,LOCATED_IN
SouthKorea/KCDC06/2020,Seoul,LOCATED_IN
SouthKorea/KCDC07/2020,Seoul,LOCATED_IN
SouthKorea/KCDC12/2020,Gyeonggi,LOCATED_IN
SouthKorea/KCDC24/2020,Chungcheongnam,LOCATED_IN
SouthKorea/KUMC01/2020,South Korea,LOCATED_IN
SouthKorea/KUMC02/2020,South Korea,LOCATED_IN
SouthKorea/KUMC03/2020,South Korea,LOCATED_IN
SouthKorea/KUMC04/2020,South Korea,LOCATED_IN
SouthKorea/KUMC05/2020,South Korea,LOCATED_IN
SouthKorea/KUMC06/2020,South Korea,LOCATED_IN
SouthKorea/SNU01/2020,South Korea,LOCATED_IN
Spain/Valencia1/2020,Comunitat Valenciana,LOCATED_IN
Spain/Valencia2/2020,Comunitat Valenciana,LOCATED_IN
Spain/Valencia3/2020,Comunitat Valenciana,LOCATED_IN
Sweden/01/2020,Småland,LOCATED_IN
Switzerland/1000477102/2020,Zurich,LOCATED_IN
Switzerland/1000477377/2020,Zurich,LOCATED_IN
Switzerland/1000477757/2020,Zurich,LOCATED_IN
Switzerland/1000477796/2020,Zurich,LOCATED_IN
Switzerland/1000477797/2020,Zurich,LOCATED_IN
Switzerland/1000477806/2020,Zurich,LOCATED_IN
Switzerland/AG0361/2020,Aargau,LOCATED_IN
Switzerland/AG7120/2020,Aargau,LOCATED_IN
Switzerland/BE2536/2020,Bern,LOCATED_IN
Switzerland/BE6651/2020,Bern,LOCATED_IN
Switzerland/BL0902/2020,Basel,LOCATED_IN
Switzerland/BS0914/2020,Basel,LOCATED_IN
Switzerland/GE0199/2020,Geneva,LOCATED_IN
Switzerland/GE062072020,Geneva,LOCATED_IN
Switzerland/GE1402/2020,Geneva,LOCATED_IN
Switzerland/GE1422/2020,Geneva,LOCATED_IN
Switzerland/GE3121/2020,Geneva,LOCATED_IN
Switzerland/GE3895/2020,Geneva,LOCATED_IN
Switzerland/GE4135/2020,Geneva,LOCATED_IN
Switzerland/GE4984/2020,Geneva,LOCATED_IN
Switzerland/GE5373/2020,Geneva,LOCATED_IN
Switzerland/GE6679/2020,Geneva,LOCATED_IN
Switzerland/GE8102/2020,Geneva,LOCATED_IN
Switzerland/GE9586/2020,Geneva,LOCATED_IN
Switzerland/GR2988/2020,Graubünden,LOCATED_IN
Switzerland/GR3043/2020,Graubünden,LOCATED_IN
Switzerland/SZ1417/2020,Schwyz,LOCATED_IN
Switzerland/TI2045/2020,Ticino,LOCATED_IN
Switzerland/TI9486/2020,Ticino,LOCATED_IN
Switzerland/VD0503/2020,Geneva,LOCATED_IN
Switzerland/VD5615/2020,Vaud,LOCATED_IN
Taiwan/2/2020,Taiwan,LOCATED_IN
Taiwan/3/2020,Taiwan,LOCATED_IN
Taiwan/4/2020,Taiwan,LOCATED_IN
Taiwan/CGMH-CGU-01/2020,Taiwan,LOCATED_IN
Taiwan/CGMH-CGU-03/2020,Taoyuan,LOCATED_IN
Taiwan/CGMH-CGU-04/2020,Taoyuan,LOCATED_IN
Taiwan/CGMH-CGU-05/2020,Taoyuan,LOCATED_IN
Taiwan/NTU01/2020,Taiwan,LOCATED_IN
Taiwan/NTU02/2020,Taiwan,LOCATED_IN
Taiwan/NTU03/2020,Taiwan,LOCATED_IN
Tianmen/HBCDC-HB-07/2020,Hubei,LOCATED_IN
USA/AZ1/2020,Arizona,LOCATED_IN
USA/CA-CDPH-UC1/2020,Grand Princess,LOCATED_IN
USA/CA-CDPH-UC2/2020,California,LOCATED_IN
USA/CA-CDPH-UC3/2020,California,LOCATED_IN
USA/CA-CDPH-UC4/2020,California,LOCATED_IN
USA/CA-CDPH-UC5/2020,Grand Princess,LOCATED_IN
USA/CA-CDPH-UC6/2020,Grand Princess,LOCATED_IN
USA/CA-CDPH-UC7/2020,Grand Princess,LOCATED_IN
USA/CA-CDPH-UC8/2020,Grand Princess,LOCATED_IN
USA/CA-CDPH-UC9/2020,Grand Princess,LOCATED_IN
USA/CA-PC101P/2020,California,LOCATED_IN
USA/CA1/2020,California,LOCATED_IN
USA/CA2/2020,California,LOCATED_IN
USA/CA3/2020,California,LOCATED_IN
USA/CA4/2020,California,LOCATED_IN
USA/CA5/2020,California,LOCATED_IN
USA/CA6/2020,California,LOCATED_IN
USA/CA7/2020,California,LOCATED_IN
USA/CA8/2020,California,LOCATED_IN
USA/CA9/2020,California,LOCATED_IN
USA/CT-Yale-001/2020,Connecticut,LOCATED_IN
USA/CT-Yale-002/2020,Connecticut,LOCATED_IN
USA/CT-Yale-003/2020,Connecticut,LOCATED_IN
USA/CT-Yale-005/2020,Connecticut,LOCATED_IN
USA/CT-Yale-006/2020,Connecticut,LOCATED_IN
USA/CT-Yale-007/2020,Connecticut,LOCATED_IN
USA/CT-Yale-008/2020,Connecticut,LOCATED_IN
USA/CT-Yale-009/2020,Connecticut,LOCATED_IN
USA/CT-Yale-010/2020,Connecticut,LOCATED_IN
USA/CruiseA-1/2020,Diamond Princess,LOCATED_IN
USA/CruiseA-10/2020,Diamond Princess,LOCATED_IN
USA/CruiseA-11/2020,Diamond Princess,LOCATED_IN
USA/CruiseA-12/2020,Diamond Princess,LOCATED_IN
USA/CruiseA-13/2020,Diamond Princess,LOCATED_IN
USA/CruiseA-14/2020,Diamond Princess,LOCATED_IN
USA/CruiseA-15/2020,Diamond Princess,LOCATED_IN
USA/CruiseA-16/2020,Diamond Princess,LOCATED_IN
USA/CruiseA-17/2020,Diamond Princess,LOCATED_IN
USA/CruiseA-18/2020,Diamond Princess,LOCATED_IN
USA/CruiseA-19/2020,Diamond Princess,LOCATED_IN
USA/CruiseA-2/2020,Diamond Princess,LOCATED_IN
USA/CruiseA-21/2020,Diamond Princess,LOCATED_IN
USA/CruiseA-22/2020,Diamond Princess,LOCATED_IN
USA/CruiseA-23/2020,Diamond Princess,LOCATED_IN
USA/CruiseA-24/2020,Diamond Princess,LOCATED_IN
USA/CruiseA-25/2020,Diamond Princess,LOCATED_IN
USA/CruiseA-26/2020,Diamond Princess,LOCATED_IN
USA/CruiseA-3/2020,Diamond Princess,LOCATED_IN
USA/CruiseA-4/2020,Diamond Princess,LOCATED_IN
USA/CruiseA-5/2020,Diamond Princess,LOCATED_IN
USA/CruiseA-6/2020,Diamond Princess,LOCATED_IN
USA/CruiseA-7/2020,Diamond Princess,LOCATED_IN
USA/CruiseA-8/2020,Diamond Princess,LOCATED_IN
USA/CruiseA-9/2020,Diamond Princess,LOCATED_IN
USA/IL1/2020,Illinois,LOCATED_IN
USA/IL2/2020,Illinois,LOCATED_IN
USA/MA1/2020,Massachusetts,LOCATED_IN
USA/MN1-MDH1/2020,Minnesota,LOCATED_IN
USA/MN2-MDH2/2020,Minnesota,LOCATED_IN
USA/MN3-MDH3/2020,Minnesota,LOCATED_IN
USA/NY-NYUMC1/2020,New York,LOCATED_IN
USA/NY1-PV08001/2020,New York,LOCATED_IN
USA/NY2-PV08100/2020,New York,LOCATED_IN
USA/TX1/2020,Texas,LOCATED_IN
USA/UC-CDPH-UC11/2020,Grand Princess,LOCATED_IN
USA/UPHL-01/2020,Utah,LOCATED_IN
USA/UPHL-03/2020,Utah,LOCATED_IN
USA/UPHL-04/2020,Utah,LOCATED_IN
USA/UPHL-05/2020,Utah,LOCATED_IN
USA/UPHL-06/2020,Utah,LOCATED_IN
USA/WA-S2/2020,Washington,LOCATED_IN
USA/WA-S3/2020,Washington,LOCATED_IN
USA/WA-UW15/2020,Washington,LOCATED_IN
USA/WA-UW16/2020,Washington,LOCATED_IN
USA/WA-UW17/2020,Washington,LOCATED_IN
USA/WA-UW18/2020,Washington,LOCATED_IN
USA/WA-UW19/2020,Washington,LOCATED_IN
USA/WA-UW20/2020,Washington,LOCATED_IN
USA/WA-UW21/2020,Washington,LOCATED_IN
USA/WA-UW22/2020,Washington,LOCATED_IN
USA/WA-UW23/2020,Washington,LOCATED_IN
USA/WA-UW24/2020,Washington,LOCATED_IN
USA/WA-UW25/2020,Washington,LOCATED_IN
USA/WA-UW26/2020,Washington,LOCATED_IN
USA/WA-UW27/2020,Washington,LOCATED_IN
USA/WA-UW28/2020,Washington,LOCATED_IN
USA/WA-UW29/2020,Washington,LOCATED_IN
USA/WA-UW30/2020,Washington,LOCATED_IN
USA/WA-UW31/2020,Washington,LOCATED_IN
USA/WA-UW32/2020,Washington,LOCATED_IN
USA/WA-UW33/2020,Washington,LOCATED_IN
USA/WA-UW34/2020,Washington,LOCATED_IN
USA/WA-UW35/2020,Washington,LOCATED_IN
USA/WA-UW36/2020,Washington,LOCATED_IN
USA/WA-UW37/2020,Washington,LOCATED_IN
USA/WA-UW38/2020,Washington,LOCATED_IN
USA/WA-UW39/2020,Washington,LOCATED_IN
USA/WA-UW40/2020,Washington,LOCATED_IN
USA/WA-UW41/2020,Washington,LOCATED_IN
USA/WA-UW42/2020,Washington,LOCATED_IN
USA/WA-UW43/2020,Washington,LOCATED_IN
USA/WA-UW44/2020,Washington,LOCATED_IN
USA/WA-UW45/2020,Washington,LOCATED_IN
USA/WA-UW46/2020,Washington,LOCATED_IN
USA/WA-UW47/2020,Washington,LOCATED_IN
USA/WA-UW48/2020,Washington,LOCATED_IN
USA/WA-UW49/2020,Washington,LOCATED_IN
USA/WA-UW50/2020,Washington,LOCATED_IN
USA/WA-UW51/2020,Washington,LOCATED_IN
USA/WA-UW52/2020,Washington,LOCATED_IN
USA/WA-UW53/2020,Washington,LOCATED_IN
USA/WA-UW54/2020,Washington,LOCATED_IN
USA/WA-UW55/2020,Washington,LOCATED_IN
USA/WA-UW56/2020,Washington,LOCATED_IN
USA/WA-UW57/2020,Washington,LOCATED_IN
USA/WA-UW58/2020,Washington,LOCATED_IN
USA/WA-UW59/2020,Washington,LOCATED_IN
USA/WA-UW60/2020,Washington,LOCATED_IN
USA/WA-UW61/2020,Washington,LOCATED_IN
USA/WA-UW62/2020,Washington,LOCATED_IN
USA/WA-UW63/2020,Washington,LOCATED_IN
USA/WA-UW64/2020,Washington,LOCATED_IN
USA/WA-UW65/2020,Washington,LOCATED_IN
USA/WA-UW66/2020,Washington,LOCATED_IN
USA/WA-UW67/2020,Washington,LOCATED_IN
USA/WA-UW68/2020,Washington,LOCATED_IN
USA/WA-UW69/2020,Washington,LOCATED_IN
USA/WA-UW70/2020,Washington,LOCATED_IN
USA/WA-UW71/2020,Washington,LOCATED_IN
USA/WA-UW73/2020,Washington,LOCATED_IN
USA/WA-UW74/2020,Washington,LOCATED_IN
USA/WA-UW75/2020,Washington,LOCATED_IN
USA/WA-UW76/2020,Washington,LOCATED_IN
USA/WA-UW77/2020,Washington,LOCATED_IN
USA/WA-UW78/2020,Washington,LOCATED_IN
USA/WA-UW79/2020,Washington,LOCATED_IN
USA/WA-UW80/2020,Washington,LOCATED_IN
USA/WA-UW81/2020,Washington,LOCATED_IN
USA/WA-UW82/2020,Washington,LOCATED_IN
USA/WA-UW83/2020,Washington,LOCATED_IN
USA/WA-UW84/2020,Washington,LOCATED_IN
USA/WA-UW85/2020,Washington,LOCATED_IN
USA/WA-UW86/2020,Washington,LOCATED_IN
USA/WA-UW87/2020,Washington,LOCATED_IN
USA/WA-UW88/2020,Washington,LOCATED_IN
USA/WA-UW89/2020,Washington,LOCATED_IN
USA/WA-UW90/2020,Washington,LOCATED_IN
USA/WA-UW91/2020,Washington,LOCATED_IN
USA/WA-UW92/2020,Washington,LOCATED_IN
USA/WA-UW93/2020,Washington,LOCATED_IN
USA/WA-UW94/2020,Washington,LOCATED_IN
USA/WA-UW95/2020,Washington,LOCATED_IN
USA/WA-UW96/2020,Washington,LOCATED_IN
USA/WA1-A12/2020,Washington,LOCATED_IN
USA/WA1-F6/2020,Washington,LOCATED_IN
USA/WA1/2020,Washington,LOCATED_IN
USA/WA11-UW7/2020,Washington,LOCATED_IN
USA/WA12-UW8/2020,Washington,LOCATED_IN
USA/WA13-UW9/2020,Washington,LOCATED_IN
USA/WA14-UW10/2020,Washington,LOCATED_IN
USA/WA15-UW11/2020,Washington,LOCATED_IN
USA/WA16-UW12/2020,Washington,LOCATED_IN
USA/WA17-UW13/2020,Washington,LOCATED_IN
USA/WA18-UW14/2020,Washington,LOCATED_IN
USA/WA2/2020,Washington,LOCATED_IN
USA/WA3-UW1/2020,Washington,LOCATED_IN
USA/WA4-UW2/2020,Washington,LOCATED_IN
USA/WA6-UW3/2020,Washington,LOCATED_IN
USA/WA7-UW4/2020,Washington,LOCATED_IN
USA/WA8-UW5/2020,Washington,LOCATED_IN
USA/WA9-UW6/2020,Washington,LOCATED_IN
USA/WI1/2020,Wisconsin,LOCATED_IN
Vietnam/38142/2020,Thanh Hoa,LOCATED_IN
Vietnam/39607/2020,Quangning,LOCATED_IN
Vietnam/CM295/2020,Red River Delta,LOCATED_IN
Vietnam/CM296/2020,Red River Delta,LOCATED_IN
Vietnam/CM99/2020,Vinhphuc,LOCATED_IN
Vietnam/VR03-38142/2020,Thanh Hoa,LOCATED_IN
Wales/PHW03/2020,Wales,LOCATED_IN
Wales/PHW05/2020,Wales,LOCATED_IN
Wales/PHW06/2020,Wales,LOCATED_IN
Wales/PHW07/2020,Wales,LOCATED_IN
Wales/PHW09/2020,Wales,LOCATED_IN
Wales/PHW1/2020,Wales,LOCATED_IN
Wales/PHW10/2020,Wales,LOCATED_IN
Wales/PHW12/2020,Wales,LOCATED_IN
Wales/PHW13/2020,Wales,LOCATED_IN
Wales/PHW17/2020,Wales,LOCATED_IN
Wales/PHW18/2020,Wales,LOCATED_IN
Wales/PHW2/2020,Wales,LOCATED_IN
Wales/PHW21/2020,Wales,LOCATED_IN
Wales/PHW25/2020,Wales,LOCATED_IN
Wales/PHW26/2020,Wales,LOCATED_IN
Wales/PHW27/2020,Wales,LOCATED_IN
Wales/PHW28/2020,Wales,LOCATED_IN
Wales/PHW29/2020,Wales,LOCATED_IN
Wales/PHW32/2020,Wales,LOCATED_IN
Wales/PHW33/2020,Wales,LOCATED_IN
Wales/PHW35/2020,Wales,LOCATED_IN
Wales/PHW37/2020,Wales,LOCATED_IN
Wales/PHW38/2020,Wales,LOCATED_IN
Wuhan-Hu-1/2019,Hubei,LOCATED_IN
Wuhan/HBCDC-HB-01/2019,Hubei,LOCATED_IN
Wuhan/HBCDC-HB-02/2019,Hubei,LOCATED_IN
Wuhan/HBCDC-HB-02/2020,Hubei,LOCATED_IN
Wuhan/HBCDC-HB-03/2019,Hubei,LOCATED_IN
Wuhan/HBCDC-HB-03/2020,Hubei,LOCATED_IN
Wuhan/HBCDC-HB-04/2019,Hubei,LOCATED_IN
Wuhan/HBCDC-HB-04/2020,Hubei,LOCATED_IN
Wuhan/HBCDC-HB-05/2020,Hubei,LOCATED_IN
Wuhan/HBCDC-HB-06/2020,Hubei,LOCATED_IN
Wuhan/IPBCAMS-WH-01/2019,Hubei,LOCATED_IN
Wuhan/IPBCAMS-WH-02/2019,Hubei,LOCATED_IN
Wuhan/IPBCAMS-WH-03/2019,Hubei,LOCATED_IN
Wuhan/IPBCAMS-WH-04/2019,Hubei,LOCATED_IN
Wuhan/IPBCAMS-WH-05/2020,Hubei,LOCATED_IN
Wuhan/IVDC-HB-01/2019,Hubei,LOCATED_IN
Wuhan/IVDC-HB-04/2020,Hubei,LOCATED_IN
Wuhan/IVDC-HB-05/2019,Hubei,LOCATED_IN
Wuhan/WH01/2019,Hubei,LOCATED_IN
Wuhan/WH02/2019,Hubei,LOCATED_IN
Wuhan/WH03/2020,Hubei,LOCATED_IN
Wuhan/WH04/2020,Hubei,LOCATED_IN
Wuhan/WH05/2020,Hubei,LOCATED_IN
Wuhan/WIV02/2019,Hubei,LOCATED_IN
Wuhan/WIV04/2019,Hubei,LOCATED_IN
Wuhan/WIV05/2019,Hubei,LOCATED_IN
Wuhan/WIV06/2019,Hubei,LOCATED_IN
Wuhan/WIV07/2019,Hubei,LOCATED_IN
Yunnan/IVDC-YN-003/2020,Yunnan,LOCATED_IN
Zhejiang/WZ-01/2020,Zhejiang,LOCATED_IN
Zhejiang/WZ-02/2020,Zhejiang,LOCATED_IN
bat/Yunnan/RaTG13/2013,Yunnan,LOCATED_IN
canine/HongKong/20-02756/2020,Hong Kong,LOCATED_IN
pangolin/Guangdong/1/2019,Guangdong,LOCATED_IN
pangolin/Guangdong/P2S/2019,Guangdong,LOCATED_IN
pangolin/Guangxi/P1E/2017,Guangxi,LOCATED_IN
pangolin/Guangxi/P2V/2017,Guangxi,LOCATED_IN
pangolin/Guangxi/P3B/2017,Guangxi,LOCATED_IN
pangolin/Guangxi/P4L/2017,Guangxi,LOCATED_IN
pangolin/Guangxi/P5E/2017,Guangxi,LOCATED_IN
pangolin/Guangxi/P5L/2017,Guangxi,LOCATED_IN
