:END_ID(strain_id),:START_ID(host_id),:TYPE
Anhui/SZ005/2020,Anhui/SZ005/2020,CARRIES
Australia/NSW01/2020,Australia/NSW01/2020,CARRIES
Australia/NSW02/2020,Australia/NSW02/2020,CARRIES
Australia/NSW03/2020,Australia/NSW03/2020,CARRIES
Australia/NSW05/2020,Australia/NSW05/2020,CARRIES
Australia/NSW06/2020,Australia/NSW06/2020,CARRIES
Australia/NSW07/2020,Australia/NSW07/2020,CARRIES
Australia/NSW08/2020,Australia/NSW08/2020,CARRIES
Australia/NSW09/2020,Australia/NSW09/2020,CARRIES
Australia/NSW10/2020,Australia/NSW10/2020,CARRIES
Australia/NSW11/2020,Australia/NSW11/2020,CARRIES
Australia/NSW12/2020,Australia/NSW12/2020,CARRIES
Australia/NSW13/2020,Australia/NSW13/2020,CARRIES
Australia/NSW14/2020,Australia/NSW14/2020,CARRIES
Australia/QLD01/2020,Australia/QLD01/2020,CARRIES
Australia/QLD02/2020,Australia/QLD02/2020,CARRIES
Australia/QLD03/2020,Australia/QLD03/2020,CARRIES
Australia/QLD04/2020,Australia/QLD04/2020,CARRIES
Australia/QLD09/2020,Australia/QLD09/2020,CARRIES
Australia/VIC01/2020,Australia/VIC01/2020,CARRIES
Australia/VIC02/2020,Australia/VIC02/2020,CARRIES
Australia/VIC03/2020,Australia/VIC03/2020,CARRIES
Australia/VIC04/2020,Australia/VIC04/2020,CARRIES
Australia/VIC05/2020,Australia/VIC05/2020,CARRIES
Australia/VIC06/2020,Australia/VIC06/2020,CARRIES
Australia/VIC07/2020,Australia/VIC07/2020,CARRIES
Beijing/105/2020,Beijing/105/2020,CARRIES
Beijing/231/2020,Beijing/231/2020,CARRIES
Beijing/233/2020,Beijing/233/2020,CARRIES
Beijing/235/2020,Beijing/235/2020,CARRIES
Beijing/IVDC-BJ-005/2020,Beijing/IVDC-BJ-005/2020,CARRIES
Belgium/BA-02291/2020,Belgium/BA-02291/2020,CARRIES
Belgium/BC-03016/2020,Belgium/BC-03016/2020,CARRIES
Belgium/BM-03012/2020,Belgium/BM-03012/2020,CARRIES
Belgium/GHB-03021/2020,Belgium/GHB-03021/2020,CARRIES
Belgium/QKJ-03015/2020,Belgium/QKJ-03015/2020,CARRIES
Belgium/SH-03014/2020,Belgium/SH-03014/2020,CARRIES
Belgium/VAG-03013/2020,Belgium/VAG-03013/2020,CARRIES
Belgium/VLM-03011/2020,Belgium/VLM-03011/2020,CARRIES
Brazil-RJ/314/2020,Brazil-RJ/314/2020,CARRIES
Brazil/BA-312/2020,Brazil/BA-312/2020,CARRIES
Brazil/ES-225/2020,Brazil/ES-225/2020,CARRIES
Brazil/SPBR-01/2020,Brazil/SPBR-01/2020,CARRIES
Brazil/SPBR-02/2020,Brazil/SPBR-02/2020,CARRIES
Brazil/SPBR-03/2020,Brazil/SPBR-03/2020,CARRIES
Brazil/SPBR-04/2020,Brazil/SPBR-04/2020,CARRIES
Brazil/SPBR-05/2020,Brazil/SPBR-05/2020,CARRIES
Brazil/SPBR-06/2020,Brazil/SPBR-06/2020,CARRIES
Brazil/SPBR-07/2020,Brazil/SPBR-07/2020,CARRIES
Brazil/SPBR-08/2020,Brazil/SPBR-08/2020,CARRIES
Brazil/SPBR-09/2020,Brazil/SPBR-09/2020,CARRIES
Brazil/SPBR-10/2020,Brazil/SPBR-10/2020,CARRIES
Brazil/SPBR-11/2020,Brazil/SPBR-11/2020,CARRIES
Brazil/SPBR-12/2020,Brazil/SPBR-12/2020,CARRIES
Brazil/SPBR-13/2020,Brazil/SPBR-13/2020,CARRIES
Brazil/SPBR-14/2020,Brazil/SPBR-14/2020,CARRIES
Cambodia/0012/2020,Cambodia/0012/2020,CARRIES
Canada/BC_02421/2020,Canada/BC_02421/2020,CARRIES
Canada/BC_13297/2020,Canada/BC_13297/2020,CARRIES
Canada/BC_17397/2020,Canada/BC_17397/2020,CARRIES
Canada/BC_25211/2020,Canada/BC_25211/2020,CARRIES
Canada/BC_35720/2020,Canada/BC_35720/2020,CARRIES
Canada/BC_37_0-2/2020,Canada/BC_37_0-2/2020,CARRIES
Canada/BC_40860/2020,Canada/BC_40860/2020,CARRIES
Canada/BC_41851/2020,Canada/BC_41851/2020,CARRIES
Canada/BC_64686/2020,Canada/BC_64686/2020,CARRIES
Canada/BC_65034/2020,Canada/BC_65034/2020,CARRIES
Canada/BC_66353/2020,Canada/BC_66353/2020,CARRIES
Canada/BC_69243/2020,Canada/BC_69243/2020,CARRIES
Canada/BC_78548/2020,Canada/BC_78548/2020,CARRIES
Canada/BC_83109/2020,Canada/BC_83109/2020,CARRIES
Canada/BC_83163/2020,Canada/BC_83163/2020,CARRIES
Canada/ON-PHL2445/2020,Canada/ON-PHL2445/2020,CARRIES
Canada/ON-VIDO-01/2020,Canada/ON-VIDO-01/2020,CARRIES
Chile/Santiago-1/2020,Chile/Santiago-1/2020,CARRIES
Chile/Santiago-2/2020,Chile/Santiago-2/2020,CARRIES
Chile/Santiago_op2d1/2020,Chile/Santiago_op2d1/2020,CARRIES
Chile/Santiago_op3d1/2020,Chile/Santiago_op3d1/2020,CARRIES
Chile/Santiago_op4d1/2020,Chile/Santiago_op4d1/2020,CARRIES
Chile/Talca-1/2020,Chile/Talca-1/2020,CARRIES
Chile/Talca-2/2020,Chile/Talca-2/2020,CARRIES
China/IQTC01/2020,China/IQTC01/2020,CARRIES
China/IQTC02/2020,China/IQTC02/2020,CARRIES
China/Shanghai/SH0002,China/Shanghai/SH0002,CARRIES
China/Shanghai/SH0003,China/Shanghai/SH0003,CARRIES
China/Shanghai/SH0004,China/Shanghai/SH0004,CARRIES
China/Shanghai/SH0005,China/Shanghai/SH0005,CARRIES
China/Shanghai/SH0007,China/Shanghai/SH0007,CARRIES
China/Shanghai/SH0008,China/Shanghai/SH0008,CARRIES
China/Shanghai/SH0009,China/Shanghai/SH0009,CARRIES
China/Shanghai/SH0010,China/Shanghai/SH0010,CARRIES
China/Shanghai/SH0011,China/Shanghai/SH0011,CARRIES
China/Shanghai/SH0012,China/Shanghai/SH0012,CARRIES
China/Shanghai/SH0013,China/Shanghai/SH0013,CARRIES
China/Shanghai/SH0014,China/Shanghai/SH0014,CARRIES
China/Shanghai/SH0017,China/Shanghai/SH0017,CARRIES
China/Shanghai/SH0020,China/Shanghai/SH0020,CARRIES
China/Shanghai/SH0021,China/Shanghai/SH0021,CARRIES
China/Shanghai/SH0022,China/Shanghai/SH0022,CARRIES
China/Shanghai/SH0023,China/Shanghai/SH0023,CARRIES
China/Shanghai/SH0024,China/Shanghai/SH0024,CARRIES
China/Shanghai/SH0025,China/Shanghai/SH0025,CARRIES
China/Shanghai/SH0026,China/Shanghai/SH0026,CARRIES
China/Shanghai/SH0027,China/Shanghai/SH0027,CARRIES
China/Shanghai/SH0028,China/Shanghai/SH0028,CARRIES
China/Shanghai/SH0029,China/Shanghai/SH0029,CARRIES
China/Shanghai/SH0030,China/Shanghai/SH0030,CARRIES
China/Shanghai/SH0031,China/Shanghai/SH0031,CARRIES
China/Shanghai/SH0032,China/Shanghai/SH0032,CARRIES
China/Shanghai/SH0033,China/Shanghai/SH0033,CARRIES
China/Shanghai/SH0034,China/Shanghai/SH0034,CARRIES
China/Shanghai/SH0035,China/Shanghai/SH0035,CARRIES
China/Shanghai/SH0036,China/Shanghai/SH0036,CARRIES
China/Shanghai/SH0037,China/Shanghai/SH0037,CARRIES
China/Shanghai/SH0038,China/Shanghai/SH0038,CARRIES
China/Shanghai/SH0039,China/Shanghai/SH0039,CARRIES
China/Shanghai/SH0040,China/Shanghai/SH0040,CARRIES
China/Shanghai/SH0041,China/Shanghai/SH0041,CARRIES
China/Shanghai/SH0042,China/Shanghai/SH0042,CARRIES
China/Shanghai/SH0043,China/Shanghai/SH0043,CARRIES
China/Shanghai/SH0044,China/Shanghai/SH0044,CARRIES
China/Shanghai/SH0045,China/Shanghai/SH0045,CARRIES
China/Shanghai/SH0047,China/Shanghai/SH0047,CARRIES
China/Shanghai/SH0048,China/Shanghai/SH0048,CARRIES
China/Shanghai/SH0049,China/Shanghai/SH0049,CARRIES
China/Shanghai/SH0050,China/Shanghai/SH0050,CARRIES
China/Shanghai/SH0051,China/Shanghai/SH0051,CARRIES
China/Shanghai/SH0052,China/Shanghai/SH0052,CARRIES
China/Shanghai/SH0053,China/Shanghai/SH0053,CARRIES
China/Shanghai/SH0054,China/Shanghai/SH0054,CARRIES
China/Shanghai/SH0055,China/Shanghai/SH0055,CARRIES
China/Shanghai/SH0056,China/Shanghai/SH0056,CARRIES
China/Shanghai/SH0058,China/Shanghai/SH0058,CARRIES
China/Shanghai/SH0059,China/Shanghai/SH0059,CARRIES
China/Shanghai/SH0060,China/Shanghai/SH0060,CARRIES
China/Shanghai/SH0065,China/Shanghai/SH0065,CARRIES
China/Shanghai/SH0066,China/Shanghai/SH0066,CARRIES
China/Shanghai/SH0067,China/Shanghai/SH0067,CARRIES
China/Shanghai/SH0068,China/Shanghai/SH0068,CARRIES
China/Shanghai/SH0069,China/Shanghai/SH0069,CARRIES
China/Shanghai/SH0070,China/Shanghai/SH0070,CARRIES
China/Shanghai/SH0071,China/Shanghai/SH0071,CARRIES
China/Shanghai/SH0072,China/Shanghai/SH0072,CARRIES
China/Shanghai/SH0073,China/Shanghai/SH0073,CARRIES
China/Shanghai/SH0074,China/Shanghai/SH0074,CARRIES
China/Shanghai/SH0075,China/Shanghai/SH0075,CARRIES
China/Shanghai/SH0076,China/Shanghai/SH0076,CARRIES
China/Shanghai/SH0077,China/Shanghai/SH0077,CARRIES
China/Shanghai/SH0079,China/Shanghai/SH0079,CARRIES
China/Shanghai/SH0080,China/Shanghai/SH0080,CARRIES
China/Shanghai/SH0081,China/Shanghai/SH0081,CARRIES
China/Shanghai/SH0083,China/Shanghai/SH0083,CARRIES
China/Shanghai/SH0085,China/Shanghai/SH0085,CARRIES
China/Shanghai/SH0086,China/Shanghai/SH0086,CARRIES
China/Shanghai/SH0088,China/Shanghai/SH0088,CARRIES
China/Shanghai/SH0091,China/Shanghai/SH0091,CARRIES
China/Shanghai/SH0093,China/Shanghai/SH0093,CARRIES
China/Shanghai/SH0094,China/Shanghai/SH0094,CARRIES
China/Shanghai/SH0098,China/Shanghai/SH0098,CARRIES
China/Shanghai/SH0100,China/Shanghai/SH0100,CARRIES
China/Shanghai/SH0101,China/Shanghai/SH0101,CARRIES
China/Shanghai/SH0102,China/Shanghai/SH0102,CARRIES
China/Shanghai/SH0104,China/Shanghai/SH0104,CARRIES
China/Shanghai/SH0106,China/Shanghai/SH0106,CARRIES
China/Shanghai/SH0107,China/Shanghai/SH0107,CARRIES
China/Shanghai/SH0109,China/Shanghai/SH0109,CARRIES
China/Shanghai/SH0110,China/Shanghai/SH0110,CARRIES
China/Shanghai/SH0112,China/Shanghai/SH0112,CARRIES
China/Shanghai/SH0114,China/Shanghai/SH0114,CARRIES
China/Shanghai/SH0115,China/Shanghai/SH0115,CARRIES
China/Shanghai/SH0117,China/Shanghai/SH0117,CARRIES
China/Shanghai/SH0119,China/Shanghai/SH0119,CARRIES
China/Shanghai/SH0121,China/Shanghai/SH0121,CARRIES
China/Shanghai/SH0125,China/Shanghai/SH0125,CARRIES
China/Shanghai/SH0126,China/Shanghai/SH0126,CARRIES
China/Shanghai/SH0127,China/Shanghai/SH0127,CARRIES
China/Shanghai/SH0128,China/Shanghai/SH0128,CARRIES
China/WF0001/2020,China/WF0001/2020,CARRIES
China/WF0002/2020,China/WF0002/2020,CARRIES
China/WF0003/2020,China/WF0003/2020,CARRIES
China/WF0004/2020,China/WF0004/2020,CARRIES
China/WF0006/2020,China/WF0006/2020,CARRIES
China/WF0009/2020,China/WF0009/2020,CARRIES
China/WF0012/2020,China/WF0012/2020,CARRIES
China/WF0014/2020,China/WF0014/2020,CARRIES
China/WF0015/2020,China/WF0015/2020,CARRIES
China/WF0016/2020,China/WF0016/2020,CARRIES
China/WF0017/2020,China/WF0017/2020,CARRIES
China/WF0018/2020,China/WF0018/2020,CARRIES
China/WF0019/2020,China/WF0019/2020,CARRIES
China/WF0020/2020,China/WF0020/2020,CARRIES
China/WF0021/2020,China/WF0021/2020,CARRIES
China/WF0023/2020,China/WF0023/2020,CARRIES
China/WF0024/2020,China/WF0024/2020,CARRIES
China/WF0026/2020,China/WF0026/2020,CARRIES
China/WF0028/2020,China/WF0028/2020,CARRIES
China/WF0029/2020,China/WF0029/2020,CARRIES
China/WH-09/2020,China/WH-09/2020,CARRIES
China/WHU01/2020,China/WHU01/2020,CARRIES
China/WHU02/2020,China/WHU02/2020,CARRIES
Chongqing/IVDC-CQ-001/2020,Chongqing/IVDC-CQ-001/2020,CARRIES
Chongqing/YC01/2020,Chongqing/YC01/2020,CARRIES
Chongqing/ZX01/2020,Chongqing/ZX01/2020,CARRIES
Congo/KN-13/2020,Congo/KN-13/2020,CARRIES
CzechRepublic/951/2020,CzechRepublic/951/2020,CARRIES
Denmark/SSI-05/2020,Denmark/SSI-05/2020,CARRIES
Denmark/SSI-09/2020,Denmark/SSI-09/2020,CARRIES
Denmark/SSI-101/2020,Denmark/SSI-101/2020,CARRIES
Denmark/SSI-102/2020,Denmark/SSI-102/2020,CARRIES
Denmark/SSI-104/2020,Denmark/SSI-104/2020,CARRIES
England/01/2020,England/01/2020,CARRIES
England/02/2020,England/02/2020,CARRIES
England/09c/2020,England/09c/2020,CARRIES
England/200641094/2020,England/200641094/2020,CARRIES
England/200690245/2020,England/200690245/2020,CARRIES
England/200690300/2020,England/200690300/2020,CARRIES
England/200690306/2020,England/200690306/2020,CARRIES
England/200690756/2020,England/200690756/2020,CARRIES
England/200940527/2020,England/200940527/2020,CARRIES
England/200960041/2020,England/200960041/2020,CARRIES
England/200960515/2020,England/200960515/2020,CARRIES
England/200981386/2020,England/200981386/2020,CARRIES
England/200990002/2020,England/200990002/2020,CARRIES
England/200990006/2020,England/200990006/2020,CARRIES
England/20099038206/2020,England/20099038206/2020,CARRIES
England/200990660/2020,England/200990660/2020,CARRIES
England/200990723/2020,England/200990723/2020,CARRIES
England/200990724/2020,England/200990724/2020,CARRIES
England/200990725/2020,England/200990725/2020,CARRIES
England/20099079106/2020,England/20099079106/2020,CARRIES
England/20099107406/2020,England/20099107406/2020,CARRIES
England/200991076/2020,England/200991076/2020,CARRIES
England/201000003/2020,England/201000003/2020,CARRIES
England/20100001406/2020,England/20100001406/2020,CARRIES
England/20100004706/2020,England/20100004706/2020,CARRIES
England/20100004806/2020,England/20100004806/2020,CARRIES
England/20100005406/2020,England/20100005406/2020,CARRIES
England/20100022706/2020,England/20100022706/2020,CARRIES
England/20100023206/2020,England/20100023206/2020,CARRIES
England/20100024006/2020,England/20100024006/2020,CARRIES
England/20100077906/2020,England/20100077906/2020,CARRIES
England/20100121006/2020,England/20100121006/2020,CARRIES
England/20100121007/2020,England/20100121007/2020,CARRIES
England/20100122106/2020,England/20100122106/2020,CARRIES
England/20100122107/2020,England/20100122107/2020,CARRIES
England/20102000106/2020,England/20102000106/2020,CARRIES
England/20102000206/2020,England/20102000206/2020,CARRIES
England/20102000306/2020,England/20102000306/2020,CARRIES
England/20102000506/2020,England/20102000506/2020,CARRIES
England/20102000906/2020,England/20102000906/2020,CARRIES
England/20102068506/2020,England/20102068506/2020,CARRIES
England/201040081/2020,England/201040081/2020,CARRIES
England/201040141/2020,England/201040141/2020,CARRIES
England/20110003506/2020,England/20110003506/2020,CARRIES
England/Sheff01/2020,England/Sheff01/2020,CARRIES
England/Sheff02/2020,England/Sheff02/2020,CARRIES
Finland/1/2020,Finland/1/2020,CARRIES
Finland/FIN-114/2020,Finland/FIN-114/2020,CARRIES
Finland/FIN-25/2020,Finland/FIN-25/2020,CARRIES
Finland/FIN-266/2020,Finland/FIN-266/2020,CARRIES
Finland/FIN-274/2020,Finland/FIN-274/2020,CARRIES
Finland/FIN-313/2020,Finland/FIN-313/2020,CARRIES
Finland/FIN-318/2020,Finland/FIN-318/2020,CARRIES
Finland/FIN-455/2020,Finland/FIN-455/2020,CARRIES
Finland/FIN-508/2020,Finland/FIN-508/2020,CARRIES
Finland/FIN01032020/2020,Finland/FIN01032020/2020,CARRIES
Finland/FIN03032020A/2020,Finland/FIN03032020A/2020,CARRIES
Finland/FIN03032020B/2020,Finland/FIN03032020B/2020,CARRIES
Finland/FIN03032020C/2020,Finland/FIN03032020C/2020,CARRIES
Foshan/20SF207/2020,Foshan/20SF207/2020,CARRIES
Foshan/20SF210/2020,Foshan/20SF210/2020,CARRIES
Foshan/20SF211/2020,Foshan/20SF211/2020,CARRIES
France/BFC2094/2020,France/BFC2094/2020,CARRIES
France/BFC2147/2020,France/BFC2147/2020,CARRIES
France/GE1583/2020,France/GE1583/2020,CARRIES
France/GE1973/2020,France/GE1973/2020,CARRIES
France/GE1977/2020,France/GE1977/2020,CARRIES
France/HF1684/2020,France/HF1684/2020,CARRIES
France/HF1795/2020,France/HF1795/2020,CARRIES
France/HF1805/2020,France/HF1805/2020,CARRIES
France/HF1870/2020,France/HF1870/2020,CARRIES
France/HF1871/2020,France/HF1871/2020,CARRIES
France/HF1986/2020,France/HF1986/2020,CARRIES
France/HF1988/2020,France/HF1988/2020,CARRIES
France/HF1989/2020,France/HF1989/2020,CARRIES
France/HF1993/2020,France/HF1993/2020,CARRIES
France/HF1995/2020,France/HF1995/2020,CARRIES
France/HF2039/2020,France/HF2039/2020,CARRIES
France/HF2151/2020,France/HF2151/2020,CARRIES
France/HF2174/2020,France/HF2174/2020,CARRIES
France/IDF0372-isl/2020,France/IDF0372-isl/2020,CARRIES
France/IDF0372/2020,France/IDF0372/2020,CARRIES
France/IDF0373/2020,France/IDF0373/2020,CARRIES
France/IDF0386-islP1/2020,France/IDF0386-islP1/2020,CARRIES
France/IDF0386-islP3/2020,France/IDF0386-islP3/2020,CARRIES
France/IDF0515-isl/2020,France/IDF0515-isl/2020,CARRIES
France/IDF0515/2020,France/IDF0515/2020,CARRIES
France/IDF0571/2020,France/IDF0571/2020,CARRIES
France/IDF0626/2020,France/IDF0626/2020,CARRIES
France/IDF1980/2020,France/IDF1980/2020,CARRIES
France/IDF2075/2020,France/IDF2075/2020,CARRIES
France/N1620/2020,France/N1620/2020,CARRIES
France/PL1643/2020,France/PL1643/2020,CARRIES
France/RA739/2020,France/RA739/2020,CARRIES
Fujian/13/2020,Fujian/13/2020,CARRIES
Fujian/8/2020,Fujian/8/2020,CARRIES
Georgia/Tb-468/2020,Georgia/Tb-468/2020,CARRIES
Georgia/Tb-477/2020,Georgia/Tb-477/2020,CARRIES
Georgia/Tb-54/2020,Georgia/Tb-54/2020,CARRIES
Georgia/Tb-82/2020,Georgia/Tb-82/2020,CARRIES
Germany/Baden-Wuerttemberg-1/2020,Germany/Baden-Wuerttemberg-1/2020,CARRIES
Germany/BavPat1/2020,Germany/BavPat1/2020,CARRIES
Germany/BavPat2/2020,Germany/BavPat2/2020,CARRIES
Germany/BavPat3/2020,Germany/BavPat3/2020,CARRIES
Germany/NRW-01/2020,Germany/NRW-01/2020,CARRIES
Germany/NRW-011/2020,Germany/NRW-011/2020,CARRIES
Germany/NRW-02-1/2020,Germany/NRW-02-1/2020,CARRIES
Germany/NRW-03/2020,Germany/NRW-03/2020,CARRIES
Germany/NRW-04/2020,Germany/NRW-04/2020,CARRIES
Germany/NRW-05/2020,Germany/NRW-05/2020,CARRIES
Germany/NRW-06/2020,Germany/NRW-06/2020,CARRIES
Germany/NRW-07/2020,Germany/NRW-07/2020,CARRIES
Germany/NRW-08/2020,Germany/NRW-08/2020,CARRIES
Germany/NRW-09/2020,Germany/NRW-09/2020,CARRIES
Germany/NRW-10/2020,Germany/NRW-10/2020,CARRIES
Guangdong/2020XN4239-P0034/2020,Guangdong/2020XN4239-P0034/2020,CARRIES
Guangdong/2020XN4243-P0035/2020,Guangdong/2020XN4243-P0035/2020,CARRIES
Guangdong/2020XN4273-P0036/2020,Guangdong/2020XN4273-P0036/2020,CARRIES
Guangdong/2020XN4276-P0037/2020,Guangdong/2020XN4276-P0037/2020,CARRIES
Guangdong/2020XN4291-P0038/2020,Guangdong/2020XN4291-P0038/2020,CARRIES
Guangdong/2020XN4373-P0039/2020,Guangdong/2020XN4373-P0039/2020,CARRIES
Guangdong/2020XN4433-P0040/2020,Guangdong/2020XN4433-P0040/2020,CARRIES
Guangdong/2020XN4448-P0002/2020,Guangdong/2020XN4448-P0002/2020,CARRIES
Guangdong/2020XN4459-P0041/2020,Guangdong/2020XN4459-P0041/2020,CARRIES
Guangdong/2020XN4475-P0042/2020,Guangdong/2020XN4475-P0042/2020,CARRIES
Guangdong/20SF012/2020,Guangdong/20SF012/2020,CARRIES
Guangdong/20SF013/2020,Guangdong/20SF013/2020,CARRIES
Guangdong/20SF014/2020,Guangdong/20SF014/2020,CARRIES
Guangdong/20SF025/2020,Guangdong/20SF025/2020,CARRIES
Guangdong/20SF028/2020,Guangdong/20SF028/2020,CARRIES
Guangdong/20SF040/2020,Guangdong/20SF040/2020,CARRIES
Guangdong/20SF174/2020,Guangdong/20SF174/2020,CARRIES
Guangdong/20SF201/2020,Guangdong/20SF201/2020,CARRIES
Guangdong/DG-S2-P0054/2020,Guangdong/DG-S2-P0054/2020,CARRIES
Guangdong/DG-S41-P0056/2020,Guangdong/DG-S41-P0056/2020,CARRIES
Guangdong/DG-S6-P0055/2020,Guangdong/DG-S6-P0055/2020,CARRIES
Guangdong/DG-S9-P0045/2020,Guangdong/DG-S9-P0045/2020,CARRIES
Guangdong/FS-S29-P0051/2020,Guangdong/FS-S29-P0051/2020,CARRIES
Guangdong/FS-S30-P0052/2020,Guangdong/FS-S30-P0052/2020,CARRIES
Guangdong/FS-S34-P0015/2020,Guangdong/FS-S34-P0015/2020,CARRIES
Guangdong/FS-S42-P0046/2020,Guangdong/FS-S42-P0046/2020,CARRIES
Guangdong/FS-S48-P0047/2020,Guangdong/FS-S48-P0047/2020,CARRIES
Guangdong/FS-S50-P0053/2020,Guangdong/FS-S50-P0053/2020,CARRIES
Guangdong/GD2020012-P0022/2020,Guangdong/GD2020012-P0022/2020,CARRIES
Guangdong/GD2020016-P0011/2020,Guangdong/GD2020016-P0011/2020,CARRIES
Guangdong/GD2020080-P0010/2020,Guangdong/GD2020080-P0010/2020,CARRIES
Guangdong/GD2020085-P0043/2020,Guangdong/GD2020085-P0043/2020,CARRIES
Guangdong/GD2020086-P0021/2020,Guangdong/GD2020086-P0021/2020,CARRIES
Guangdong/GD2020087-P0008/2020,Guangdong/GD2020087-P0008/2020,CARRIES
Guangdong/GD2020115-P0009/2020,Guangdong/GD2020115-P0009/2020,CARRIES
Guangdong/GD2020134-P0031/2020,Guangdong/GD2020134-P0031/2020,CARRIES
Guangdong/GD2020139-P0007/2020,Guangdong/GD2020139-P0007/2020,CARRIES
Guangdong/GD2020227-P0029/2020,Guangdong/GD2020227-P0029/2020,CARRIES
Guangdong/GD2020233-P0027/2020,Guangdong/GD2020233-P0027/2020,CARRIES
Guangdong/GD2020234-P0023/2020,Guangdong/GD2020234-P0023/2020,CARRIES
Guangdong/GD2020241-P0013/2020,Guangdong/GD2020241-P0013/2020,CARRIES
Guangdong/GD2020246-P0028/2020,Guangdong/GD2020246-P0028/2020,CARRIES
Guangdong/GD2020258-P0018/2020,Guangdong/GD2020258-P0018/2020,CARRIES
Guangdong/GDFS2020052-P0025/2020,Guangdong/GDFS2020052-P0025/2020,CARRIES
Guangdong/GDFS2020054-P0005/2020,Guangdong/GDFS2020054-P0005/2020,CARRIES
Guangdong/GDFS2020056-P0044/2020,Guangdong/GDFS2020056-P0044/2020,CARRIES
Guangdong/GDFS2020127-P0026/2020,Guangdong/GDFS2020127-P0026/2020,CARRIES
Guangdong/GDSZ202004-P0004/2020,Guangdong/GDSZ202004-P0004/2020,CARRIES
Guangdong/GDSZ202008-P0020/2020,Guangdong/GDSZ202008-P0020/2020,CARRIES
Guangdong/GDSZ202009-P0032/2020,Guangdong/GDSZ202009-P0032/2020,CARRIES
Guangdong/GDSZ202013-P0014/2020,Guangdong/GDSZ202013-P0014/2020,CARRIES
Guangdong/GDSZ202015-P0019/2020,Guangdong/GDSZ202015-P0019/2020,CARRIES
Guangdong/GZ-S6-P0050/2020,Guangdong/GZ-S6-P0050/2020,CARRIES
Guangdong/JM-S1-P0062/2020,Guangdong/JM-S1-P0062/2020,CARRIES
Guangdong/MM-S1-P0048/2020,Guangdong/MM-S1-P0048/2020,CARRIES
Guangdong/SZ-N128-P0057/2020,Guangdong/SZ-N128-P0057/2020,CARRIES
Guangdong/SZ-N59-P0049/2020,Guangdong/SZ-N59-P0049/2020,CARRIES
Guangdong/ZH-N22-P0059/2020,Guangdong/ZH-N22-P0059/2020,CARRIES
Guangdong/ZH-S33-P0058/2020,Guangdong/ZH-S33-P0058/2020,CARRIES
Guangdong/ZQ-S2-P0061/2020,Guangdong/ZQ-S2-P0061/2020,CARRIES
Guangdong/ZS-S6-P0060/2020,Guangdong/ZS-S6-P0060/2020,CARRIES
Guangzhou/20SF206/2020,Guangzhou/20SF206/2020,CARRIES
Guangzhou/GZMU0014/2020,Guangzhou/GZMU0014/2020,CARRIES
Guangzhou/GZMU0016/2020,Guangzhou/GZMU0016/2020,CARRIES
Guangzhou/GZMU0030/2020,Guangzhou/GZMU0030/2020,CARRIES
Guangzhou/GZMU0031/2020,Guangzhou/GZMU0031/2020,CARRIES
Guangzhou/GZMU0042/2020,Guangzhou/GZMU0042/2020,CARRIES
Guangzhou/GZMU0044/2020,Guangzhou/GZMU0044/2020,CARRIES
Guangzhou/GZMU0047/2020,Guangzhou/GZMU0047/2020,CARRIES
Guangzhou/GZMU0048/2020,Guangzhou/GZMU0048/2020,CARRIES
Hangzhou/HZ-1/2020,Hangzhou/HZ-1/2020,CARRIES
Hangzhou/HZCDC0001/2020,Hangzhou/HZCDC0001/2020,CARRIES
Hangzhou/ZJU-01/2020,Hangzhou/ZJU-01/2020,CARRIES
Hangzhou/ZJU-02/2020,Hangzhou/ZJU-02/2020,CARRIES
Hangzhou/ZJU-03/2020,Hangzhou/ZJU-03/2020,CARRIES
Hangzhou/ZJU-04/2020,Hangzhou/ZJU-04/2020,CARRIES
Hangzhou/ZJU-05/2020,Hangzhou/ZJU-05/2020,CARRIES
Hangzhou/ZJU-06/2020,Hangzhou/ZJU-06/2020,CARRIES
Hangzhou/ZJU-07/2020,Hangzhou/ZJU-07/2020,CARRIES
Hefei/2/2020,Hefei/2/2020,CARRIES
Henan/IVDC-HeN-002/2020,Henan/IVDC-HeN-002/2020,CARRIES
HongKong/CUHK1/2020,HongKong/CUHK1/2020,CARRIES
HongKong/CUHK2/2020,HongKong/CUHK2/2020,CARRIES
HongKong/VB20024950/2020,HongKong/VB20024950/2020,CARRIES
HongKong/VB20026565/2020,HongKong/VB20026565/2020,CARRIES
HongKong/VM20001061/2020,HongKong/VM20001061/2020,CARRIES
HongKong/case42_VM20002493/2020,HongKong/case42_VM20002493/2020,CARRIES
HongKong/case48_VM20002507/2020,HongKong/case48_VM20002507/2020,CARRIES
HongKong/case49_VM20002508/2020,HongKong/case49_VM20002508/2020,CARRIES
HongKong/case52_VM20002582/2020,HongKong/case52_VM20002582/2020,CARRIES
HongKong/case78_VM20002849/2020,HongKong/case78_VM20002849/2020,CARRIES
HongKong/case85_VM20002868/2020,HongKong/case85_VM20002868/2020,CARRIES
HongKong/case90_VM20002907/2020,HongKong/case90_VM20002907/2020,CARRIES
Hungary/mbl1/2020,Hungary/mbl1/2020,CARRIES
India/1-27/2020,India/1-27/2020,CARRIES
India/1-31/2020,India/1-31/2020,CARRIES
Ireland/COR-20134/2020,Ireland/COR-20134/2020,CARRIES
Ireland/Dublin-19072/2020,Ireland/Dublin-19072/2020,CARRIES
Ireland/Limerick-19933/2020,Ireland/Limerick-19933/2020,CARRIES
Ireland/Limerick-19934/2020,Ireland/Limerick-19934/2020,CARRIES
Ireland/Limerick-19935/2020,Ireland/Limerick-19935/2020,CARRIES
Italy/CDG1/2020,Italy/CDG1/2020,CARRIES
Italy/INMI1-cs/2020,Italy/INMI1-cs/2020,CARRIES
Italy/INMI1-isl/2020,Italy/INMI1-isl/2020,CARRIES
Italy/SPL1/2020,Italy/SPL1/2020,CARRIES
Italy/UniSR1/2020,Italy/UniSR1/2020,CARRIES
Japan/AI/I-004/2020,Japan/AI/I-004/2020,CARRIES
Japan/Hu_DP_Kng_19-020/2020,Japan/Hu_DP_Kng_19-020/2020,CARRIES
Japan/Hu_DP_Kng_19-027/2020,Japan/Hu_DP_Kng_19-027/2020,CARRIES
Japan/KY-V-029/2020,Japan/KY-V-029/2020,CARRIES
Japan/NA-20-05-1/2020,Japan/NA-20-05-1/2020,CARRIES
Japan/OS-20-07-1/2020,Japan/OS-20-07-1/2020,CARRIES
Japan/TK/20-31-3/2020,Japan/TK/20-31-3/2020,CARRIES
Japan/TKYE6182/2020,Japan/TKYE6182/2020,CARRIES
Japan/TY-WK-012/2020,Japan/TY-WK-012/2020,CARRIES
Japan/TY-WK-501/2020,Japan/TY-WK-501/2020,CARRIES
Japan/TY-WK-521/2020,Japan/TY-WK-521/2020,CARRIES
Jiangsu/IVDC-JS-001/2020,Jiangsu/IVDC-JS-001/2020,CARRIES
Jiangsu/JS01/2020,Jiangsu/JS01/2020,CARRIES
Jiangsu/JS02/2020,Jiangsu/JS02/2020,CARRIES
Jiangsu/JS03/2020,Jiangsu/JS03/2020,CARRIES
Jiangxi/IVDC-JX-002/2020,Jiangxi/IVDC-JX-002/2020,CARRIES
Jingzhou/HBCDC-HB-01/2020,Jingzhou/HBCDC-HB-01/2020,CARRIES
Luxembourg/Lux1/2020,Luxembourg/Lux1/2020,CARRIES
Mexico/CDMX-InDRE_01/2020,Mexico/CDMX-InDRE_01/2020,CARRIES
Nepal/61/2020,Nepal/61/2020,CARRIES
Netherlands/Andel_1365066/2020,Netherlands/Andel_1365066/2020,CARRIES
Netherlands/Berlicum_1363564/2020,Netherlands/Berlicum_1363564/2020,CARRIES
Netherlands/Blaricum_1364780/2020,Netherlands/Blaricum_1364780/2020,CARRIES
Netherlands/Coevorden_1363618/2020,Netherlands/Coevorden_1363618/2020,CARRIES
Netherlands/Dalen_1363624/2020,Netherlands/Dalen_1363624/2020,CARRIES
Netherlands/Delft_1363424/2020,Netherlands/Delft_1363424/2020,CARRIES
Netherlands/Diemen_1363454/2020,Netherlands/Diemen_1363454/2020,CARRIES
Netherlands/Eindhoven_1363782/2020,Netherlands/Eindhoven_1363782/2020,CARRIES
Netherlands/Flevoland_1/2020,Netherlands/Flevoland_1/2020,CARRIES
Netherlands/Gelderland_1/2020,Netherlands/Gelderland_1/2020,CARRIES
Netherlands/Gelderland_2/2020,Netherlands/Gelderland_2/2020,CARRIES
Netherlands/Gelderland_3/2020,Netherlands/Gelderland_3/2020,CARRIES
Netherlands/Haarlem_1363688/2020,Netherlands/Haarlem_1363688/2020,CARRIES
Netherlands/Hardinxveld_Giessendam_1364806/2020,Netherlands/Hardinxveld_Giessendam_1364806/2020,CARRIES
Netherlands/Helmond_1363548/2020,Netherlands/Helmond_1363548/2020,CARRIES
Netherlands/Limburg_2/2020,Netherlands/Limburg_2/2020,CARRIES
Netherlands/Limburg_3/2020,Netherlands/Limburg_3/2020,CARRIES
Netherlands/Limburg_4/2020,Netherlands/Limburg_4/2020,CARRIES
Netherlands/Limburg_5/2020,Netherlands/Limburg_5/2020,CARRIES
Netherlands/Limburg_6/2020,Netherlands/Limburg_6/2020,CARRIES
Netherlands/Limburg_7/2020,Netherlands/Limburg_7/2020,CARRIES
Netherlands/Loon_op_zand_1363512/2020,Netherlands/Loon_op_zand_1363512/2020,CARRIES
Netherlands/NA_1/2020,Netherlands/NA_1/2020,CARRIES
Netherlands/NA_10/2020,Netherlands/NA_10/2020,CARRIES
Netherlands/NA_11/2020,Netherlands/NA_11/2020,CARRIES
Netherlands/NA_12/2020,Netherlands/NA_12/2020,CARRIES
Netherlands/NA_13/2020,Netherlands/NA_13/2020,CARRIES
Netherlands/NA_14/2020,Netherlands/NA_14/2020,CARRIES
Netherlands/NA_15/2020,Netherlands/NA_15/2020,CARRIES
Netherlands/NA_16/2020,Netherlands/NA_16/2020,CARRIES
Netherlands/NA_17/2020,Netherlands/NA_17/2020,CARRIES
Netherlands/NA_18/2020,Netherlands/NA_18/2020,CARRIES
Netherlands/NA_19/2020,Netherlands/NA_19/2020,CARRIES
Netherlands/NA_2/2020,Netherlands/NA_2/2020,CARRIES
Netherlands/NA_20/2020,Netherlands/NA_20/2020,CARRIES
Netherlands/NA_21/2020,Netherlands/NA_21/2020,CARRIES
Netherlands/NA_22/2020,Netherlands/NA_22/2020,CARRIES
Netherlands/NA_23/2020,Netherlands/NA_23/2020,CARRIES
Netherlands/NA_24/2020,Netherlands/NA_24/2020,CARRIES
Netherlands/NA_25/2020,Netherlands/NA_25/2020,CARRIES
Netherlands/NA_26/2020,Netherlands/NA_26/2020,CARRIES
Netherlands/NA_27/2020,Netherlands/NA_27/2020,CARRIES
Netherlands/NA_28/2020,Netherlands/NA_28/2020,CARRIES
Netherlands/NA_29/2020,Netherlands/NA_29/2020,CARRIES
Netherlands/NA_30/2020,Netherlands/NA_30/2020,CARRIES
Netherlands/NA_31/2020,Netherlands/NA_31/2020,CARRIES
Netherlands/NA_32/2020,Netherlands/NA_32/2020,CARRIES
Netherlands/NA_33/2020,Netherlands/NA_33/2020,CARRIES
Netherlands/NA_34/2020,Netherlands/NA_34/2020,CARRIES
Netherlands/NA_35/2020,Netherlands/NA_35/2020,CARRIES
Netherlands/NA_4/2020,Netherlands/NA_4/2020,CARRIES
Netherlands/NA_5/2020,Netherlands/NA_5/2020,CARRIES
Netherlands/NA_6/2020,Netherlands/NA_6/2020,CARRIES
Netherlands/NA_7/2020,Netherlands/NA_7/2020,CARRIES
Netherlands/NA_8/2020,Netherlands/NA_8/2020,CARRIES
Netherlands/NA_9/2020,Netherlands/NA_9/2020,CARRIES
Netherlands/Naarden_1364774/2020,Netherlands/Naarden_1364774/2020,CARRIES
Netherlands/Nieuwendijk_1363582/2020,Netherlands/Nieuwendijk_1363582/2020,CARRIES
Netherlands/NoordBrabant_1/2020,Netherlands/NoordBrabant_1/2020,CARRIES
Netherlands/NoordBrabant_10/2020,Netherlands/NoordBrabant_10/2020,CARRIES
Netherlands/NoordBrabant_11/2020,Netherlands/NoordBrabant_11/2020,CARRIES
Netherlands/NoordBrabant_12/2020,Netherlands/NoordBrabant_12/2020,CARRIES
Netherlands/NoordBrabant_13/2020,Netherlands/NoordBrabant_13/2020,CARRIES
Netherlands/NoordBrabant_14/2020,Netherlands/NoordBrabant_14/2020,CARRIES
Netherlands/NoordBrabant_15/2020,Netherlands/NoordBrabant_15/2020,CARRIES
Netherlands/NoordBrabant_16/2020,Netherlands/NoordBrabant_16/2020,CARRIES
Netherlands/NoordBrabant_17/2020,Netherlands/NoordBrabant_17/2020,CARRIES
Netherlands/NoordBrabant_18/2020,Netherlands/NoordBrabant_18/2020,CARRIES
Netherlands/NoordBrabant_19/2020,Netherlands/NoordBrabant_19/2020,CARRIES
Netherlands/NoordBrabant_2/2020,Netherlands/NoordBrabant_2/2020,CARRIES
Netherlands/NoordBrabant_20/2020,Netherlands/NoordBrabant_20/2020,CARRIES
Netherlands/NoordBrabant_21/2020,Netherlands/NoordBrabant_21/2020,CARRIES
Netherlands/NoordBrabant_22/2020,Netherlands/NoordBrabant_22/2020,CARRIES
Netherlands/NoordBrabant_23/2020,Netherlands/NoordBrabant_23/2020,CARRIES
Netherlands/NoordBrabant_24/2020,Netherlands/NoordBrabant_24/2020,CARRIES
Netherlands/NoordBrabant_25/2020,Netherlands/NoordBrabant_25/2020,CARRIES
Netherlands/NoordBrabant_26/2020,Netherlands/NoordBrabant_26/2020,CARRIES
Netherlands/NoordBrabant_27/2020,Netherlands/NoordBrabant_27/2020,CARRIES
Netherlands/NoordBrabant_28/2020,Netherlands/NoordBrabant_28/2020,CARRIES
Netherlands/NoordBrabant_29/2020,Netherlands/NoordBrabant_29/2020,CARRIES
Netherlands/NoordBrabant_3/2020,Netherlands/NoordBrabant_3/2020,CARRIES
Netherlands/NoordBrabant_30/2020,Netherlands/NoordBrabant_30/2020,CARRIES
Netherlands/NoordBrabant_31/2020,Netherlands/NoordBrabant_31/2020,CARRIES
Netherlands/NoordBrabant_32/2020,Netherlands/NoordBrabant_32/2020,CARRIES
Netherlands/NoordBrabant_33/2020,Netherlands/NoordBrabant_33/2020,CARRIES
Netherlands/NoordBrabant_34/2020,Netherlands/NoordBrabant_34/2020,CARRIES
Netherlands/NoordBrabant_35/2020,Netherlands/NoordBrabant_35/2020,CARRIES
Netherlands/NoordBrabant_36/2020,Netherlands/NoordBrabant_36/2020,CARRIES
Netherlands/NoordBrabant_37/2020,Netherlands/NoordBrabant_37/2020,CARRIES
Netherlands/NoordBrabant_38/2020,Netherlands/NoordBrabant_38/2020,CARRIES
Netherlands/NoordBrabant_39/2020,Netherlands/NoordBrabant_39/2020,CARRIES
Netherlands/NoordBrabant_4/2020,Netherlands/NoordBrabant_4/2020,CARRIES
Netherlands/NoordBrabant_41/2020,Netherlands/NoordBrabant_41/2020,CARRIES
Netherlands/NoordBrabant_42/2020,Netherlands/NoordBrabant_42/2020,CARRIES
Netherlands/NoordBrabant_44/2020,Netherlands/NoordBrabant_44/2020,CARRIES
Netherlands/NoordBrabant_45/2020,Netherlands/NoordBrabant_45/2020,CARRIES
Netherlands/NoordBrabant_46/2020,Netherlands/NoordBrabant_46/2020,CARRIES
Netherlands/NoordBrabant_47/2020,Netherlands/NoordBrabant_47/2020,CARRIES
Netherlands/NoordBrabant_48/2020,Netherlands/NoordBrabant_48/2020,CARRIES
Netherlands/NoordBrabant_49/2020,Netherlands/NoordBrabant_49/2020,CARRIES
Netherlands/NoordBrabant_5/2020,Netherlands/NoordBrabant_5/2020,CARRIES
Netherlands/NoordBrabant_51/2020,Netherlands/NoordBrabant_51/2020,CARRIES
Netherlands/NoordBrabant_52/2020,Netherlands/NoordBrabant_52/2020,CARRIES
Netherlands/NoordBrabant_53/2020,Netherlands/NoordBrabant_53/2020,CARRIES
Netherlands/NoordBrabant_54/2020,Netherlands/NoordBrabant_54/2020,CARRIES
Netherlands/NoordBrabant_55/2020,Netherlands/NoordBrabant_55/2020,CARRIES
Netherlands/NoordBrabant_56/2020,Netherlands/NoordBrabant_56/2020,CARRIES
Netherlands/NoordBrabant_57/2020,Netherlands/NoordBrabant_57/2020,CARRIES
Netherlands/NoordBrabant_58/2020,Netherlands/NoordBrabant_58/2020,CARRIES
Netherlands/NoordBrabant_59/2020,Netherlands/NoordBrabant_59/2020,CARRIES
Netherlands/NoordBrabant_6/2020,Netherlands/NoordBrabant_6/2020,CARRIES
Netherlands/NoordBrabant_60/2020,Netherlands/NoordBrabant_60/2020,CARRIES
Netherlands/NoordBrabant_61/2020,Netherlands/NoordBrabant_61/2020,CARRIES
Netherlands/NoordBrabant_62/2020,Netherlands/NoordBrabant_62/2020,CARRIES
Netherlands/NoordBrabant_63/2020,Netherlands/NoordBrabant_63/2020,CARRIES
Netherlands/NoordBrabant_64/2020,Netherlands/NoordBrabant_64/2020,CARRIES
Netherlands/NoordBrabant_65/2020,Netherlands/NoordBrabant_65/2020,CARRIES
Netherlands/NoordBrabant_66/2020,Netherlands/NoordBrabant_66/2020,CARRIES
Netherlands/NoordBrabant_67/2020,Netherlands/NoordBrabant_67/2020,CARRIES
Netherlands/NoordBrabant_68/2020,Netherlands/NoordBrabant_68/2020,CARRIES
Netherlands/NoordHolland_1/2020,Netherlands/NoordHolland_1/2020,CARRIES
Netherlands/NoordHolland_2/2020,Netherlands/NoordHolland_2/2020,CARRIES
Netherlands/NoordHolland_3/2020,Netherlands/NoordHolland_3/2020,CARRIES
Netherlands/Nootdorp_1364222/2020,Netherlands/Nootdorp_1364222/2020,CARRIES
Netherlands/Oisterwijk_1364072/2020,Netherlands/Oisterwijk_1364072/2020,CARRIES
Netherlands/Oss_1363500/2020,Netherlands/Oss_1363500/2020,CARRIES
Netherlands/Overijssel_1/2020,Netherlands/Overijssel_1/2020,CARRIES
Netherlands/Overijssel_2/2020,Netherlands/Overijssel_2/2020,CARRIES
Netherlands/Rotterdam_1363790/2020,Netherlands/Rotterdam_1363790/2020,CARRIES
Netherlands/Rotterdam_1364040/2020,Netherlands/Rotterdam_1364040/2020,CARRIES
Netherlands/Rotterdam_1364740/2020,Netherlands/Rotterdam_1364740/2020,CARRIES
Netherlands/Tilburg_/2020,Netherlands/Tilburg_/2020,CARRIES
Netherlands/Tilburg_1363354/2020,Netherlands/Tilburg_1363354/2020,CARRIES
Netherlands/Tilburg_1364286/2020,Netherlands/Tilburg_1364286/2020,CARRIES
Netherlands/Utrecht_1/2020,Netherlands/Utrecht_1/2020,CARRIES
Netherlands/Utrecht_10/2020,Netherlands/Utrecht_10/2020,CARRIES
Netherlands/Utrecht_11/2020,Netherlands/Utrecht_11/2020,CARRIES
Netherlands/Utrecht_12/2020,Netherlands/Utrecht_12/2020,CARRIES
Netherlands/Utrecht_13/2020,Netherlands/Utrecht_13/2020,CARRIES
Netherlands/Utrecht_1363564/2020,Netherlands/Utrecht_1363564/2020,CARRIES
Netherlands/Utrecht_1363628/2020,Netherlands/Utrecht_1363628/2020,CARRIES
Netherlands/Utrecht_1364066/2020,Netherlands/Utrecht_1364066/2020,CARRIES
Netherlands/Utrecht_14/2020,Netherlands/Utrecht_14/2020,CARRIES
Netherlands/Utrecht_15/2020,Netherlands/Utrecht_15/2020,CARRIES
Netherlands/Utrecht_16/2020,Netherlands/Utrecht_16/2020,CARRIES
Netherlands/Utrecht_17/2020,Netherlands/Utrecht_17/2020,CARRIES
Netherlands/Utrecht_18/2020,Netherlands/Utrecht_18/2020,CARRIES
Netherlands/Utrecht_19/2020,Netherlands/Utrecht_19/2020,CARRIES
Netherlands/Utrecht_2/2020,Netherlands/Utrecht_2/2020,CARRIES
Netherlands/Utrecht_3/2020,Netherlands/Utrecht_3/2020,CARRIES
Netherlands/Utrecht_4/2020,Netherlands/Utrecht_4/2020,CARRIES
Netherlands/Utrecht_5/2020,Netherlands/Utrecht_5/2020,CARRIES
Netherlands/Utrecht_6/2020,Netherlands/Utrecht_6/2020,CARRIES
Netherlands/Utrecht_7/2020,Netherlands/Utrecht_7/2020,CARRIES
Netherlands/Utrecht_8/2020,Netherlands/Utrecht_8/2020,CARRIES
Netherlands/Zeewolde_1365080/2020,Netherlands/Zeewolde_1365080/2020,CARRIES
Netherlands/ZuidHolland_1/2020,Netherlands/ZuidHolland_1/2020,CARRIES
Netherlands/ZuidHolland_10/2020,Netherlands/ZuidHolland_10/2020,CARRIES
Netherlands/ZuidHolland_11/2020,Netherlands/ZuidHolland_11/2020,CARRIES
Netherlands/ZuidHolland_13/2020,Netherlands/ZuidHolland_13/2020,CARRIES
Netherlands/ZuidHolland_14/2020,Netherlands/ZuidHolland_14/2020,CARRIES
Netherlands/ZuidHolland_15/2020,Netherlands/ZuidHolland_15/2020,CARRIES
Netherlands/ZuidHolland_16/2020,Netherlands/ZuidHolland_16/2020,CARRIES
Netherlands/ZuidHolland_17/2020,Netherlands/ZuidHolland_17/2020,CARRIES
Netherlands/ZuidHolland_18/2020,Netherlands/ZuidHolland_18/2020,CARRIES
Netherlands/ZuidHolland_19/2020,Netherlands/ZuidHolland_19/2020,CARRIES
Netherlands/ZuidHolland_2/2020,Netherlands/ZuidHolland_2/2020,CARRIES
Netherlands/ZuidHolland_20/2020,Netherlands/ZuidHolland_20/2020,CARRIES
Netherlands/ZuidHolland_21/2020,Netherlands/ZuidHolland_21/2020,CARRIES
Netherlands/ZuidHolland_22/2020,Netherlands/ZuidHolland_22/2020,CARRIES
Netherlands/ZuidHolland_23/2020,Netherlands/ZuidHolland_23/2020,CARRIES
Netherlands/ZuidHolland_24/2020,Netherlands/ZuidHolland_24/2020,CARRIES
Netherlands/ZuidHolland_25/2020,Netherlands/ZuidHolland_25/2020,CARRIES
Netherlands/ZuidHolland_26/2020,Netherlands/ZuidHolland_26/2020,CARRIES
Netherlands/ZuidHolland_27/2020,Netherlands/ZuidHolland_27/2020,CARRIES
Netherlands/ZuidHolland_28/2020,Netherlands/ZuidHolland_28/2020,CARRIES
Netherlands/ZuidHolland_29/2020,Netherlands/ZuidHolland_29/2020,CARRIES
Netherlands/ZuidHolland_30/2020,Netherlands/ZuidHolland_30/2020,CARRIES
Netherlands/ZuidHolland_31/2020,Netherlands/ZuidHolland_31/2020,CARRIES
Netherlands/ZuidHolland_5/2020,Netherlands/ZuidHolland_5/2020,CARRIES
Netherlands/ZuidHolland_6/2020,Netherlands/ZuidHolland_6/2020,CARRIES
Netherlands/ZuidHolland_7/2020,Netherlands/ZuidHolland_7/2020,CARRIES
Netherlands/ZuidHolland_8/2020,Netherlands/ZuidHolland_8/2020,CARRIES
Netherlands/ZuidHolland_9/2020,Netherlands/ZuidHolland_9/2020,CARRIES
NetherlandsL/Houten_1363498/2020,NetherlandsL/Houten_1363498/2020,CARRIES
NewZealand/01/2020,NewZealand/01/2020,CARRIES
Nigeria/Lagos01/2020,Nigeria/Lagos01/2020,CARRIES
Nonthaburi/61/2020,Nonthaburi/61/2020,CARRIES
Nonthaburi/74/2020,Nonthaburi/74/2020,CARRIES
NorthernIreland/HSCNI01/2020,NorthernIreland/HSCNI01/2020,CARRIES
Panama/328677/2020,Panama/328677/2020,CARRIES
Peru/010/2020,Peru/010/2020,CARRIES
Portugal/CV62/2020,Portugal/CV62/2020,CARRIES
Portugal/CV63/2020,Portugal/CV63/2020,CARRIES
Russia/StPetersburg-3524/2020,Russia/StPetersburg-3524/2020,CARRIES
SaudiArabia/KAIMRC-Alghoribi/2020,SaudiArabia/KAIMRC-Alghoribi/2020,CARRIES
Scotland/CVR01/2020,Scotland/CVR01/2020,CARRIES
Scotland/CVR02/2020,Scotland/CVR02/2020,CARRIES
Scotland/CVR03/2020,Scotland/CVR03/2020,CARRIES
Scotland/CVR04/2020,Scotland/CVR04/2020,CARRIES
Scotland/CVR05/2020,Scotland/CVR05/2020,CARRIES
Scotland/CVR06/2020,Scotland/CVR06/2020,CARRIES
Scotland/CVR07/2020,Scotland/CVR07/2020,CARRIES
Scotland/CVR10/2020,Scotland/CVR10/2020,CARRIES
Scotland/EDB003/2020,Scotland/EDB003/2020,CARRIES
Scotland/EDB004/2020,Scotland/EDB004/2020,CARRIES
Scotland/EDB005/2020,Scotland/EDB005/2020,CARRIES
Scotland/EDB006/2020,Scotland/EDB006/2020,CARRIES
Scotland/EDB007/2020,Scotland/EDB007/2020,CARRIES
Scotland/EDB008/2020,Scotland/EDB008/2020,CARRIES
Scotland/EDB009/2020,Scotland/EDB009/2020,CARRIES
Scotland/EDB011/2020,Scotland/EDB011/2020,CARRIES
Scotland/EDB012/2020,Scotland/EDB012/2020,CARRIES
Scotland/EDB013/2020,Scotland/EDB013/2020,CARRIES
Shandong/IVDC-SD-001/2020,Shandong/IVDC-SD-001/2020,CARRIES
Shandong/LY001/2020,Shandong/LY001/2020,CARRIES
Shandong/LY002/2020,Shandong/LY002/2020,CARRIES
Shandong/LY003/2020,Shandong/LY003/2020,CARRIES
Shandong/LY004/2020,Shandong/LY004/2020,CARRIES
Shandong/LY005/2020,Shandong/LY005/2020,CARRIES
Shandong/LY006/2020,Shandong/LY006/2020,CARRIES
Shandong/LY007/2020,Shandong/LY007/2020,CARRIES
Shandong/LY008/2020,Shandong/LY008/2020,CARRIES
Shanghai/IVDC-SH-001/2020,Shanghai/IVDC-SH-001/2020,CARRIES
Shanghai/SH01/2020,Shanghai/SH01/2020,CARRIES
Shenzhen/HKU-SZ-002/2020,Shenzhen/HKU-SZ-002/2020,CARRIES
Shenzhen/HKU-SZ-005/2020,Shenzhen/HKU-SZ-005/2020,CARRIES
Shenzhen/SZTH-001/2020,Shenzhen/SZTH-001/2020,CARRIES
Shenzhen/SZTH-002/2020,Shenzhen/SZTH-002/2020,CARRIES
Shenzhen/SZTH-003/2020,Shenzhen/SZTH-003/2020,CARRIES
Shenzhen/SZTH-004/2020,Shenzhen/SZTH-004/2020,CARRIES
Sichuan/IVDC-SC-001/2020,Sichuan/IVDC-SC-001/2020,CARRIES
Singapore/1/2020,Singapore/1/2020,CARRIES
Singapore/10/2020,Singapore/10/2020,CARRIES
Singapore/11/2020,Singapore/11/2020,CARRIES
Singapore/12/2020,Singapore/12/2020,CARRIES
Singapore/13/2020,Singapore/13/2020,CARRIES
Singapore/14/2020,Singapore/14/2020,CARRIES
Singapore/2/2020,Singapore/2/2020,CARRIES
Singapore/3/2020,Singapore/3/2020,CARRIES
Singapore/4/2020,Singapore/4/2020,CARRIES
Singapore/5/2020,Singapore/5/2020,CARRIES
Singapore/6/2020,Singapore/6/2020,CARRIES
Singapore/7/2020,Singapore/7/2020,CARRIES
Singapore/8/2020,Singapore/8/2020,CARRIES
Singapore/9/2020,Singapore/9/2020,CARRIES
SouthKorea/KCDC03/2020,SouthKorea/KCDC03/2020,CARRIES
SouthKorea/KCDC05/2020,SouthKorea/KCDC05/2020,CARRIES
SouthKorea/KCDC06/2020,SouthKorea/KCDC06/2020,CARRIES
SouthKorea/KCDC07/2020,SouthKorea/KCDC07/2020,CARRIES
SouthKorea/KCDC12/2020,SouthKorea/KCDC12/2020,CARRIES
SouthKorea/KCDC24/2020,SouthKorea/KCDC24/2020,CARRIES
SouthKorea/KUMC01/2020,SouthKorea/KUMC01/2020,CARRIES
SouthKorea/KUMC02/2020,SouthKorea/KUMC02/2020,CARRIES
SouthKorea/KUMC03/2020,SouthKorea/KUMC03/2020,CARRIES
SouthKorea/KUMC04/2020,SouthKorea/KUMC04/2020,CARRIES
SouthKorea/KUMC05/2020,SouthKorea/KUMC05/2020,CARRIES
SouthKorea/KUMC06/2020,SouthKorea/KUMC06/2020,CARRIES
SouthKorea/SNU01/2020,SouthKorea/SNU01/2020,CARRIES
Spain/Valencia1/2020,Spain/Valencia1/2020,CARRIES
Spain/Valencia2/2020,Spain/Valencia2/2020,CARRIES
Spain/Valencia3/2020,Spain/Valencia3/2020,CARRIES
Sweden/01/2020,Sweden/01/2020,CARRIES
Switzerland/1000477102/2020,Switzerland/1000477102/2020,CARRIES
Switzerland/1000477377/2020,Switzerland/1000477377/2020,CARRIES
Switzerland/1000477757/2020,Switzerland/1000477757/2020,CARRIES
Switzerland/1000477796/2020,Switzerland/1000477796/2020,CARRIES
Switzerland/1000477797/2020,Switzerland/1000477797/2020,CARRIES
Switzerland/1000477806/2020,Switzerland/1000477806/2020,CARRIES
Switzerland/AG0361/2020,Switzerland/AG0361/2020,CARRIES
Switzerland/AG7120/2020,Switzerland/AG7120/2020,CARRIES
Switzerland/BE2536/2020,Switzerland/BE2536/2020,CARRIES
Switzerland/BE6651/2020,Switzerland/BE6651/2020,CARRIES
Switzerland/BL0902/2020,Switzerland/BL0902/2020,CARRIES
Switzerland/BS0914/2020,Switzerland/BS0914/2020,CARRIES
Switzerland/GE0199/2020,Switzerland/GE0199/2020,CARRIES
Switzerland/GE062072020,Switzerland/GE062072020,CARRIES
Switzerland/GE1402/2020,Switzerland/GE1402/2020,CARRIES
Switzerland/GE1422/2020,Switzerland/GE1422/2020,CARRIES
Switzerland/GE3121/2020,Switzerland/GE3121/2020,CARRIES
Switzerland/GE3895/2020,Switzerland/GE3895/2020,CARRIES
Switzerland/GE4135/2020,Switzerland/GE4135/2020,CARRIES
Switzerland/GE4984/2020,Switzerland/GE4984/2020,CARRIES
Switzerland/GE5373/2020,Switzerland/GE5373/2020,CARRIES
Switzerland/GE6679/2020,Switzerland/GE6679/2020,CARRIES
Switzerland/GE8102/2020,Switzerland/GE8102/2020,CARRIES
Switzerland/GE9586/2020,Switzerland/GE9586/2020,CARRIES
Switzerland/GR2988/2020,Switzerland/GR2988/2020,CARRIES
Switzerland/GR3043/2020,Switzerland/GR3043/2020,CARRIES
Switzerland/SZ1417/2020,Switzerland/SZ1417/2020,CARRIES
Switzerland/TI2045/2020,Switzerland/TI2045/2020,CARRIES
Switzerland/TI9486/2020,Switzerland/TI9486/2020,CARRIES
Switzerland/VD0503/2020,Switzerland/VD0503/2020,CARRIES
Switzerland/VD5615/2020,Switzerland/VD5615/2020,CARRIES
Taiwan/2/2020,Taiwan/2/2020,CARRIES
Taiwan/3/2020,Taiwan/3/2020,CARRIES
Taiwan/4/2020,Taiwan/4/2020,CARRIES
Taiwan/CGMH-CGU-01/2020,Taiwan/CGMH-CGU-01/2020,CARRIES
Taiwan/CGMH-CGU-03/2020,Taiwan/CGMH-CGU-03/2020,CARRIES
Taiwan/CGMH-CGU-04/2020,Taiwan/CGMH-CGU-04/2020,CARRIES
Taiwan/CGMH-CGU-05/2020,Taiwan/CGMH-CGU-05/2020,CARRIES
Taiwan/NTU01/2020,Taiwan/NTU01/2020,CARRIES
Taiwan/NTU02/2020,Taiwan/NTU02/2020,CARRIES
Taiwan/NTU03/2020,Taiwan/NTU03/2020,CARRIES
Tianmen/HBCDC-HB-07/2020,Tianmen/HBCDC-HB-07/2020,CARRIES
USA/AZ1/2020,USA/AZ1/2020,CARRIES
USA/CA-CDPH-UC1/2020,USA/CA-CDPH-UC1/2020,CARRIES
USA/CA-CDPH-UC2/2020,USA/CA-CDPH-UC2/2020,CARRIES
USA/CA-CDPH-UC3/2020,USA/CA-CDPH-UC3/2020,CARRIES
USA/CA-CDPH-UC4/2020,USA/CA-CDPH-UC4/2020,CARRIES
USA/CA-CDPH-UC5/2020,USA/CA-CDPH-UC5/2020,CARRIES
USA/CA-CDPH-UC6/2020,USA/CA-CDPH-UC6/2020,CARRIES
USA/CA-CDPH-UC7/2020,USA/CA-CDPH-UC7/2020,CARRIES
USA/CA-CDPH-UC8/2020,USA/CA-CDPH-UC8/2020,CARRIES
USA/CA-CDPH-UC9/2020,USA/CA-CDPH-UC9/2020,CARRIES
USA/CA-MG0987/2020,USA/CA-MG0987/2020,CARRIES
USA/CA-PC101P/2020,USA/CA-PC101P/2020,CARRIES
USA/CA1/2020,USA/CA1/2020,CARRIES
USA/CA2/2020,USA/CA2/2020,CARRIES
USA/CA3/2020,USA/CA3/2020,CARRIES
USA/CA4/2020,USA/CA4/2020,CARRIES
USA/CA5/2020,USA/CA5/2020,CARRIES
USA/CA6/2020,USA/CA6/2020,CARRIES
USA/CA7/2020,USA/CA7/2020,CARRIES
USA/CA8/2020,USA/CA8/2020,CARRIES
USA/CA9/2020,USA/CA9/2020,CARRIES
USA/CT-Yale-001/2020,USA/CT-Yale-001/2020,CARRIES
USA/CT-Yale-002/2020,USA/CT-Yale-002/2020,CARRIES
USA/CT-Yale-003/2020,USA/CT-Yale-003/2020,CARRIES
USA/CT-Yale-005/2020,USA/CT-Yale-005/2020,CARRIES
USA/CT-Yale-006/2020,USA/CT-Yale-006/2020,CARRIES
USA/CT-Yale-007/2020,USA/CT-Yale-007/2020,CARRIES
USA/CT-Yale-008/2020,USA/CT-Yale-008/2020,CARRIES
USA/CT-Yale-009/2020,USA/CT-Yale-009/2020,CARRIES
USA/CT-Yale-010/2020,USA/CT-Yale-010/2020,CARRIES
USA/CruiseA-1/2020,USA/CruiseA-1/2020,CARRIES
USA/CruiseA-10/2020,USA/CruiseA-10/2020,CARRIES
USA/CruiseA-11/2020,USA/CruiseA-11/2020,CARRIES
USA/CruiseA-12/2020,USA/CruiseA-12/2020,CARRIES
USA/CruiseA-13/2020,USA/CruiseA-13/2020,CARRIES
USA/CruiseA-14/2020,USA/CruiseA-14/2020,CARRIES
USA/CruiseA-15/2020,USA/CruiseA-15/2020,CARRIES
USA/CruiseA-16/2020,USA/CruiseA-16/2020,CARRIES
USA/CruiseA-17/2020,USA/CruiseA-17/2020,CARRIES
USA/CruiseA-18/2020,USA/CruiseA-18/2020,CARRIES
USA/CruiseA-19/2020,USA/CruiseA-19/2020,CARRIES
USA/CruiseA-2/2020,USA/CruiseA-2/2020,CARRIES
USA/CruiseA-21/2020,USA/CruiseA-21/2020,CARRIES
USA/CruiseA-22/2020,USA/CruiseA-22/2020,CARRIES
USA/CruiseA-23/2020,USA/CruiseA-23/2020,CARRIES
USA/CruiseA-24/2020,USA/CruiseA-24/2020,CARRIES
USA/CruiseA-25/2020,USA/CruiseA-25/2020,CARRIES
USA/CruiseA-26/2020,USA/CruiseA-26/2020,CARRIES
USA/CruiseA-3/2020,USA/CruiseA-3/2020,CARRIES
USA/CruiseA-4/2020,USA/CruiseA-4/2020,CARRIES
USA/CruiseA-5/2020,USA/CruiseA-5/2020,CARRIES
USA/CruiseA-6/2020,USA/CruiseA-6/2020,CARRIES
USA/CruiseA-7/2020,USA/CruiseA-7/2020,CARRIES
USA/CruiseA-8/2020,USA/CruiseA-8/2020,CARRIES
USA/CruiseA-9/2020,USA/CruiseA-9/2020,CARRIES
USA/IL1/2020,USA/IL1/2020,CARRIES
USA/IL2/2020,USA/IL2/2020,CARRIES
USA/MA1/2020,USA/MA1/2020,CARRIES
USA/MN1-MDH1/2020,USA/MN1-MDH1/2020,CARRIES
USA/MN2-MDH2/2020,USA/MN2-MDH2/2020,CARRIES
USA/MN3-MDH3/2020,USA/MN3-MDH3/2020,CARRIES
USA/NY-NYUMC1/2020,USA/NY-NYUMC1/2020,CARRIES
USA/NY1-PV08001/2020,USA/NY1-PV08001/2020,CARRIES
USA/NY2-PV08100/2020,USA/NY2-PV08100/2020,CARRIES
USA/TX1/2020,USA/TX1/2020,CARRIES
USA/UC-CDPH-UC11/2020,USA/UC-CDPH-UC11/2020,CARRIES
USA/UPHL-01/2020,USA/UPHL-01/2020,CARRIES
USA/UPHL-03/2020,USA/UPHL-03/2020,CARRIES
USA/UPHL-04/2020,USA/UPHL-04/2020,CARRIES
USA/UPHL-05/2020,USA/UPHL-05/2020,CARRIES
USA/UPHL-06/2020,USA/UPHL-06/2020,CARRIES
USA/WA-S10/2020,USA/WA-S10/2020,CARRIES
USA/WA-S11/2020,USA/WA-S11/2020,CARRIES
USA/WA-S2/2020,USA/WA-S2/2020,CARRIES
USA/WA-S3/2020,USA/WA-S3/2020,CARRIES
USA/WA-S4/2020,USA/WA-S4/2020,CARRIES
USA/WA-S5/2020,USA/WA-S5/2020,CARRIES
USA/WA-S6/2020,USA/WA-S6/2020,CARRIES
USA/WA-S7/2020,USA/WA-S7/2020,CARRIES
USA/WA-S8/2020,USA/WA-S8/2020,CARRIES
USA/WA-S9/2020,USA/WA-S9/2020,CARRIES
USA/WA-UW15/2020,USA/WA-UW15/2020,CARRIES
USA/WA-UW16/2020,USA/WA-UW16/2020,CARRIES
USA/WA-UW17/2020,USA/WA-UW17/2020,CARRIES
USA/WA-UW18/2020,USA/WA-UW18/2020,CARRIES
USA/WA-UW19/2020,USA/WA-UW19/2020,CARRIES
USA/WA-UW20/2020,USA/WA-UW20/2020,CARRIES
USA/WA-UW21/2020,USA/WA-UW21/2020,CARRIES
USA/WA-UW22/2020,USA/WA-UW22/2020,CARRIES
USA/WA-UW23/2020,USA/WA-UW23/2020,CARRIES
USA/WA-UW24/2020,USA/WA-UW24/2020,CARRIES
USA/WA-UW25/2020,USA/WA-UW25/2020,CARRIES
USA/WA-UW26/2020,USA/WA-UW26/2020,CARRIES
USA/WA-UW27/2020,USA/WA-UW27/2020,CARRIES
USA/WA-UW28/2020,USA/WA-UW28/2020,CARRIES
USA/WA-UW29/2020,USA/WA-UW29/2020,CARRIES
USA/WA-UW30/2020,USA/WA-UW30/2020,CARRIES
USA/WA-UW31/2020,USA/WA-UW31/2020,CARRIES
USA/WA-UW32/2020,USA/WA-UW32/2020,CARRIES
USA/WA-UW33/2020,USA/WA-UW33/2020,CARRIES
USA/WA-UW34/2020,USA/WA-UW34/2020,CARRIES
USA/WA-UW35/2020,USA/WA-UW35/2020,CARRIES
USA/WA-UW36/2020,USA/WA-UW36/2020,CARRIES
USA/WA-UW37/2020,USA/WA-UW37/2020,CARRIES
USA/WA-UW38/2020,USA/WA-UW38/2020,CARRIES
USA/WA-UW39/2020,USA/WA-UW39/2020,CARRIES
USA/WA-UW40/2020,USA/WA-UW40/2020,CARRIES
USA/WA-UW41/2020,USA/WA-UW41/2020,CARRIES
USA/WA-UW42/2020,USA/WA-UW42/2020,CARRIES
USA/WA-UW43/2020,USA/WA-UW43/2020,CARRIES
USA/WA-UW44/2020,USA/WA-UW44/2020,CARRIES
USA/WA-UW45/2020,USA/WA-UW45/2020,CARRIES
USA/WA-UW46/2020,USA/WA-UW46/2020,CARRIES
USA/WA-UW47/2020,USA/WA-UW47/2020,CARRIES
USA/WA-UW48/2020,USA/WA-UW48/2020,CARRIES
USA/WA-UW49/2020,USA/WA-UW49/2020,CARRIES
USA/WA-UW50/2020,USA/WA-UW50/2020,CARRIES
USA/WA-UW51/2020,USA/WA-UW51/2020,CARRIES
USA/WA-UW52/2020,USA/WA-UW52/2020,CARRIES
USA/WA-UW53/2020,USA/WA-UW53/2020,CARRIES
USA/WA-UW54/2020,USA/WA-UW54/2020,CARRIES
USA/WA-UW55/2020,USA/WA-UW55/2020,CARRIES
USA/WA-UW56/2020,USA/WA-UW56/2020,CARRIES
USA/WA-UW57/2020,USA/WA-UW57/2020,CARRIES
USA/WA-UW58/2020,USA/WA-UW58/2020,CARRIES
USA/WA-UW59/2020,USA/WA-UW59/2020,CARRIES
USA/WA-UW60/2020,USA/WA-UW60/2020,CARRIES
USA/WA-UW61/2020,USA/WA-UW61/2020,CARRIES
USA/WA-UW62/2020,USA/WA-UW62/2020,CARRIES
USA/WA-UW63/2020,USA/WA-UW63/2020,CARRIES
USA/WA-UW64/2020,USA/WA-UW64/2020,CARRIES
USA/WA-UW65/2020,USA/WA-UW65/2020,CARRIES
USA/WA-UW66/2020,USA/WA-UW66/2020,CARRIES
USA/WA-UW67/2020,USA/WA-UW67/2020,CARRIES
USA/WA-UW68/2020,USA/WA-UW68/2020,CARRIES
USA/WA-UW69/2020,USA/WA-UW69/2020,CARRIES
USA/WA-UW70/2020,USA/WA-UW70/2020,CARRIES
USA/WA-UW71/2020,USA/WA-UW71/2020,CARRIES
USA/WA-UW72/2020,USA/WA-UW72/2020,CARRIES
USA/WA-UW73/2020,USA/WA-UW73/2020,CARRIES
USA/WA-UW74/2020,USA/WA-UW74/2020,CARRIES
USA/WA-UW75/2020,USA/WA-UW75/2020,CARRIES
USA/WA-UW76/2020,USA/WA-UW76/2020,CARRIES
USA/WA-UW77/2020,USA/WA-UW77/2020,CARRIES
USA/WA-UW78/2020,USA/WA-UW78/2020,CARRIES
USA/WA-UW79/2020,USA/WA-UW79/2020,CARRIES
USA/WA-UW80/2020,USA/WA-UW80/2020,CARRIES
USA/WA-UW81/2020,USA/WA-UW81/2020,CARRIES
USA/WA-UW82/2020,USA/WA-UW82/2020,CARRIES
USA/WA-UW83/2020,USA/WA-UW83/2020,CARRIES
USA/WA-UW84/2020,USA/WA-UW84/2020,CARRIES
USA/WA-UW85/2020,USA/WA-UW85/2020,CARRIES
USA/WA-UW86/2020,USA/WA-UW86/2020,CARRIES
USA/WA-UW87/2020,USA/WA-UW87/2020,CARRIES
USA/WA-UW88/2020,USA/WA-UW88/2020,CARRIES
USA/WA-UW89/2020,USA/WA-UW89/2020,CARRIES
USA/WA-UW90/2020,USA/WA-UW90/2020,CARRIES
USA/WA-UW91/2020,USA/WA-UW91/2020,CARRIES
USA/WA-UW92/2020,USA/WA-UW92/2020,CARRIES
USA/WA-UW93/2020,USA/WA-UW93/2020,CARRIES
USA/WA-UW94/2020,USA/WA-UW94/2020,CARRIES
USA/WA-UW95/2020,USA/WA-UW95/2020,CARRIES
USA/WA-UW96/2020,USA/WA-UW96/2020,CARRIES
USA/WA1-A12/2020,USA/WA1-A12/2020,CARRIES
USA/WA1-F6/2020,USA/WA1-F6/2020,CARRIES
USA/WA1/2020,USA/WA1/2020,CARRIES
USA/WA11-UW7/2020,USA/WA11-UW7/2020,CARRIES
USA/WA12-UW8/2020,USA/WA12-UW8/2020,CARRIES
USA/WA13-UW9/2020,USA/WA13-UW9/2020,CARRIES
USA/WA14-UW10/2020,USA/WA14-UW10/2020,CARRIES
USA/WA15-UW11/2020,USA/WA15-UW11/2020,CARRIES
USA/WA16-UW12/2020,USA/WA16-UW12/2020,CARRIES
USA/WA17-UW13/2020,USA/WA17-UW13/2020,CARRIES
USA/WA18-UW14/2020,USA/WA18-UW14/2020,CARRIES
USA/WA2/2020,USA/WA2/2020,CARRIES
USA/WA3-UW1/2020,USA/WA3-UW1/2020,CARRIES
USA/WA4-UW2/2020,USA/WA4-UW2/2020,CARRIES
USA/WA6-UW3/2020,USA/WA6-UW3/2020,CARRIES
USA/WA7-UW4/2020,USA/WA7-UW4/2020,CARRIES
USA/WA8-UW5/2020,USA/WA8-UW5/2020,CARRIES
USA/WA9-UW6/2020,USA/WA9-UW6/2020,CARRIES
USA/WI1/2020,USA/WI1/2020,CARRIES
Vietnam/38142/2020,Vietnam/38142/2020,CARRIES
Vietnam/39607/2020,Vietnam/39607/2020,CARRIES
Vietnam/CM295/2020,Vietnam/CM295/2020,CARRIES
Vietnam/CM296/2020,Vietnam/CM296/2020,CARRIES
Vietnam/CM99/2020,Vietnam/CM99/2020,CARRIES
Vietnam/VR03-38142/2020,Vietnam/VR03-38142/2020,CARRIES
Wales/PHW03/2020,Wales/PHW03/2020,CARRIES
Wales/PHW05/2020,Wales/PHW05/2020,CARRIES
Wales/PHW06/2020,Wales/PHW06/2020,CARRIES
Wales/PHW07/2020,Wales/PHW07/2020,CARRIES
Wales/PHW09/2020,Wales/PHW09/2020,CARRIES
Wales/PHW1/2020,Wales/PHW1/2020,CARRIES
Wales/PHW10/2020,Wales/PHW10/2020,CARRIES
Wales/PHW12/2020,Wales/PHW12/2020,CARRIES
Wales/PHW13/2020,Wales/PHW13/2020,CARRIES
Wales/PHW17/2020,Wales/PHW17/2020,CARRIES
Wales/PHW18/2020,Wales/PHW18/2020,CARRIES
Wales/PHW2/2020,Wales/PHW2/2020,CARRIES
Wales/PHW21/2020,Wales/PHW21/2020,CARRIES
Wales/PHW25/2020,Wales/PHW25/2020,CARRIES
Wales/PHW26/2020,Wales/PHW26/2020,CARRIES
Wales/PHW27/2020,Wales/PHW27/2020,CARRIES
Wales/PHW28/2020,Wales/PHW28/2020,CARRIES
Wales/PHW29/2020,Wales/PHW29/2020,CARRIES
Wales/PHW32/2020,Wales/PHW32/2020,CARRIES
Wales/PHW33/2020,Wales/PHW33/2020,CARRIES
Wales/PHW35/2020,Wales/PHW35/2020,CARRIES
Wales/PHW37/2020,Wales/PHW37/2020,CARRIES
Wales/PHW38/2020,Wales/PHW38/2020,CARRIES
Wuhan-Hu-1/2019,Wuhan-Hu-1/2019,CARRIES
Wuhan/HBCDC-HB-01/2019,Wuhan/HBCDC-HB-01/2019,CARRIES
Wuhan/HBCDC-HB-02/2019,Wuhan/HBCDC-HB-02/2019,CARRIES
Wuhan/HBCDC-HB-02/2020,Wuhan/HBCDC-HB-02/2020,CARRIES
Wuhan/HBCDC-HB-03/2019,Wuhan/HBCDC-HB-03/2019,CARRIES
Wuhan/HBCDC-HB-03/2020,Wuhan/HBCDC-HB-03/2020,CARRIES
Wuhan/HBCDC-HB-04/2019,Wuhan/HBCDC-HB-04/2019,CARRIES
Wuhan/HBCDC-HB-04/2020,Wuhan/HBCDC-HB-04/2020,CARRIES
Wuhan/HBCDC-HB-05/2020,Wuhan/HBCDC-HB-05/2020,CARRIES
Wuhan/HBCDC-HB-06/2020,Wuhan/HBCDC-HB-06/2020,CARRIES
Wuhan/IPBCAMS-WH-01/2019,Wuhan/IPBCAMS-WH-01/2019,CARRIES
Wuhan/IPBCAMS-WH-02/2019,Wuhan/IPBCAMS-WH-02/2019,CARRIES
Wuhan/IPBCAMS-WH-03/2019,Wuhan/IPBCAMS-WH-03/2019,CARRIES
Wuhan/IPBCAMS-WH-04/2019,Wuhan/IPBCAMS-WH-04/2019,CARRIES
Wuhan/IPBCAMS-WH-05/2020,Wuhan/IPBCAMS-WH-05/2020,CARRIES
Wuhan/IVDC-HB-01/2019,Wuhan/IVDC-HB-01/2019,CARRIES
Wuhan/IVDC-HB-04/2020,Wuhan/IVDC-HB-04/2020,CARRIES
Wuhan/IVDC-HB-05/2019,Wuhan/IVDC-HB-05/2019,CARRIES
Wuhan/WH01/2019,Wuhan/WH01/2019,CARRIES
Wuhan/WH02/2019,Wuhan/WH02/2019,CARRIES
Wuhan/WH03/2020,Wuhan/WH03/2020,CARRIES
Wuhan/WH04/2020,Wuhan/WH04/2020,CARRIES
Wuhan/WH05/2020,Wuhan/WH05/2020,CARRIES
Wuhan/WIV02/2019,Wuhan/WIV02/2019,CARRIES
Wuhan/WIV04/2019,Wuhan/WIV04/2019,CARRIES
Wuhan/WIV05/2019,Wuhan/WIV05/2019,CARRIES
Wuhan/WIV06/2019,Wuhan/WIV06/2019,CARRIES
Wuhan/WIV07/2019,Wuhan/WIV07/2019,CARRIES
Yunnan/IVDC-YN-003/2020,Yunnan/IVDC-YN-003/2020,CARRIES
Zhejiang/WZ-01/2020,Zhejiang/WZ-01/2020,CARRIES
Zhejiang/WZ-02/2020,Zhejiang/WZ-02/2020,CARRIES
bat/Yunnan/RaTG13/2013,bat/Yunnan/RaTG13/2013,CARRIES
canine/HongKong/20-02756/2020,canine/HongKong/20-02756/2020,CARRIES
pangolin/China/MP789/2019,pangolin/China/MP789/2019,CARRIES
pangolin/Guangdong/1/2019,pangolin/Guangdong/1/2019,CARRIES
pangolin/Guangdong/P2S/2019,pangolin/Guangdong/P2S/2019,CARRIES
pangolin/Guangxi/P1E/2017,pangolin/Guangxi/P1E/2017,CARRIES
pangolin/Guangxi/P2V/2017,pangolin/Guangxi/P2V/2017,CARRIES
pangolin/Guangxi/P3B/2017,pangolin/Guangxi/P3B/2017,CARRIES
pangolin/Guangxi/P4L/2017,pangolin/Guangxi/P4L/2017,CARRIES
pangolin/Guangxi/P5E/2017,pangolin/Guangxi/P5E/2017,CARRIES
pangolin/Guangxi/P5L/2017,pangolin/Guangxi/P5L/2017,CARRIES
